country,site,log,lat,MAT,MAP,duration,clay,Ph,SOC,crop_rotation,treatment,N_rate,ch4,sd_t
Philippines,Los Baños,121.26,14.16,27.4,2115,S,,7,,RU,CF,90,2.3,
Philippines,Los Baños,121.26,14.16,27.4,2115,S,,7,,RU,CF,90,5.3,
Philippines,Los Baños,121.26,14.16,27.4,2115,S,,7,,RU,CF,90,5.6,
India,Cuttack,85.92,20.42,27.6,1500,S,25.9,6.16,8.6,DR,CF,60,19.38,
India,Cuttack,85.92,20.42,27.6,1500,S,25.9,6.16,8.6,DR,CF,60,16.935,
India,Cuttack,85.92,20.42,27.6,1500,S,25.9,6.16,8.6,DR,CF,60,15.1575,
India,Cuttack,85.92,20.42,27.6,1500,S,25.9,6.16,8.6,DR,CF,60,33.3075,
India,Cuttack,85.92,20.42,27.6,1500,S,25.9,6.16,8.6,DR,IF,60,31.725,
India,Cuttack,85.92,20.42,27.6,1500,S,25.9,6.16,8.6,DR,CF,60,13.9575,
India,Cuttack,85.92,20.42,27.6,1500,S,25.9,6.16,8.6,DR,IF,60,11.7975,
India,Cuttack,85.92,20.42,27.6,1500,M,25.9,6.16,8.6,DR,CF,120,16.935,
India,Cuttack,85.92,20.42,27.6,1500,S,25.9,6.16,6.6,DR,CF,120,107.4342857,
India,Cuttack,85.92,20.42,27.6,1500,S,25.9,6.16,6.6,DR,CF,120,54.69428571,
India,Cuttack,85.92,20.42,27.6,1500,S,25.9,6.16,6.6,DR,CF,120,70.31142857,
India,Cuttack,85.92,20.42,27.6,1500,S,25.9,6.16,6.6,DR,CF,120,55.22571429,
India,Sonitpur district,92.83,26.68,26,2300,S,30.24,5.3,9.4,DR,CF,40,84.3,0.45
India,Sonitpur district,92.83,26.68,26,2300,S,30.24,5.3,9.4,DR,CF,40,93.975,0.075
India,Sonitpur district,92.83,26.68,26,2300,S,30.24,5.3,9.4,DR,CF,40,97.5,0.15
India,Sonitpur district,92.83,26.68,26,2300,S,30.24,5.3,9.4,DR,CF,40,83.025,0.15
India,Sonitpur district,92.83,26.68,26,2300,S,30.24,5.3,9.4,DR,CF,40,88.275,0.15
India,Sonitpur district,92.83,26.68,26,2300,S,30.24,5.3,9.4,DR,CF,40,78,1.725
India,Sonitpur district,92.83,26.68,26,2300,S,30.24,5.3,9.4,DR,CF,40,77.25,0.15
India,Sonitpur district,92.83,26.68,26,2300,S,30.24,5.3,9.4,DR,CF,40,74.1,1.05
India,Sonitpur district,92.83,26.68,26,2300,S,30.24,5.3,9.4,DR,CF,40,60.975,0.225
India,Sonitpur district,92.83,26.68,26,2300,S,30.24,5.3,9.4,DR,CF,40,71.475,1.125
India,Sonitpur district,92.83,26.68,26,2300,S,27.78,5.4,10.9,DR,CF,80,11.925,0.4725
India,Sonitpur district,92.83,26.68,26,2300,S,28.75,5.4,9.77,DR,CF,60,5.85,0.3
India,Sonitpur district,92.83,26.68,26,2300,S,28.75,5.4,9.77,DR,CF,60,5.925,0.15
India,Sonitpur district,92.83,26.68,26,2300,S,28.75,5.4,9.77,DR,CF,60,5.775,0.15
India,Sonitpur district,92.83,26.68,26,2300,S,28.75,5.4,9.77,DR,CF,60,8.325,0.3
India,Sonitpur district,92.83,26.68,26,2300,S,28.75,5.4,9.77,DR,CF,60,7.65,0.375
India,Sonitpur district,92.83,26.68,26,2300,S,28.75,5.4,9.77,DR,CF,60,6,0.15
India,Sonitpur district,92.83,26.68,26,2300,S,28.75,5.4,9.77,DR,CF,60,6,0.075
India,Sonitpur district,92.83,26.68,26,2300,S,28.75,5.4,9.77,DR,CF,60,6.6,0.225
India,Sonitpur district,92.83,26.68,26,2300,S,28.75,5.4,9.77,DR,CF,60,5.7,0.15
India,Sonitpur district,92.83,26.68,26,2300,S,28.75,5.4,9.77,DR,CF,60,7.65,0.075
India,Sonitpur district,92.83,26.68,26,2300,S,28.75,5.4,9.77,DR,CF,60,7.275,0.225
India,Sonitpur district,92.83,26.68,26,2300,S,28.75,5.4,9.77,DR,CF,60,6.675,0.15
India,Sonitpur district,92.83,26.68,26,2300,S,28.75,5.7,10.2,DR,CF,40,4.56,0.105
India,Sonitpur district,92.83,26.68,26,2300,S,28.75,5.7,10.2,DR,CF,40,5.04,0.0825
India,Sonitpur district,92.83,26.68,26,2300,S,28.75,5.7,10.2,DR,CF,40,5.04,0.0675
India,Sonitpur district,92.83,26.68,26,2300,S,28.75,5.7,10.2,DR,CF,40,3.9375,0.09
India,Sonitpur district,92.83,26.68,26,2300,S,28.75,5.7,10.2,DR,CF,40,4.695,0.0975
India,Sonitpur district,92.83,26.68,26,2300,S,28.75,5.7,10.2,DR,CF,40,4.335,0.06
India,Sonitpur district,92.83,26.68,26,2300,S,28.75,5.7,10.2,DR,CF,40,4.335,0.045
India,Sonitpur district,92.83,26.68,26,2300,S,28.75,5.7,10.2,DR,CF,40,5.8875,0.0525
India,Sonitpur district,92.83,26.68,26,2300,S,28.75,5.7,10.2,DR,CF,40,5.0325,0.0525
India,Sonitpur district,92.83,26.68,26,2300,S,28.75,5.7,10.2,DR,CF,40,3.465,0.0525
India,Sonitpur district,92.83,26.68,26,2300,S,28.75,5.7,10.2,DR,CF,40,4.92,0.045
India,Sonitpur district,92.83,26.68,26,2300,S,28.75,5.7,10.2,DR,CF,40,4.1625,0.045
India,Cuttack,85.92,20.42,27.6,1500,S,15.5,6.1,4.060324826,DR,CF,60,116.46,
India,New Delhi,77.2,28.07,26,750,S,28,8,5.9,RU,CF,120,26.925,
India,Cuttack,85.92,20.42,27.6,1500,L,30.9,6.6,7.8,DR,CF,60,45.075,
India,Cuttack,85.92,20.42,27.6,1500,L,30.9,6.6,7.8,DR,CF,60,52.5,
India,Cuttack,85.92,20.42,27.6,1500,L,30.9,6.6,7.8,DR,CF,80,31.5,
India,Cuttack,85.92,20.42,27.6,1500,L,30.9,6.6,7.8,DR,CF,80,36.225,
India,Cuttack,85.92,20.42,27.6,1500,L,30.9,6.6,7.8,DR,CF,80,51.6,
India,Cuttack,85.92,20.42,27.6,1500,M,30.9,6.16,4.9,DR,CF,60,69.45,
India,Sonitpur district,92.83,26.68,26,2300,S,23.5,5.65,9.4,DR,CF,40,8.025,0.3
India,Sonitpur district,92.83,26.68,26,2300,S,23.5,5.65,9.4,DR,CF,40,8.85,0.3
India,Sonitpur district,92.83,26.68,26,2300,S,23.5,5.65,9.4,DR,CF,40,7.17,0.2775
India,Sonitpur district,92.83,26.68,26,2300,S,23.5,5.65,9.4,DR,CF,40,8.1,0.3
India,Sonitpur district,92.83,26.68,26,2300,S,23.5,5.65,9.4,DR,CF,40,7.335,0.315
Thailand,Prachinburi Rice Research Center,101.22,14.01,27.9,1750,S,62.9,3.93,11.19489559,DR,CF,54,150.75,
Thailand,Prachinburi Rice Research Center,101.22,14.01,27.9,1750,S,62.9,3.93,11.19489559,DR,CF,80,13.5,
Thailand,Prachinburi Rice Research Center,101.22,14.01,27.9,1750,S,62.9,3.93,11.19489559,DR,CF,54,36,
Thailand,Prachinburi Rice Research Center,101.22,14.01,27.9,1750,S,62.9,3.93,11.19489559,DR,CF,80,89.25,
Thailand,Prachinburi Rice Research Center,101.22,14.01,27.9,1750,S,62.9,3.93,11.19489559,DR,CF,80,216.75,
Thailand,Prachinburi Rice Research Center,101.22,14.01,27.9,1750,M,62.9,3.93,11.19489559,DR,CF,80,16.5,
Thailand,Prachinburi Rice Research Center,101.22,14.01,27.9,1750,M,62.9,3.93,11.19489559,DR,CF,80,141,
Thailand,Chombung District,99.5,13.58,26.7,1022,S,2,5.8,4,SR,IF,80.9,180.525,
Thailand,Bansang district,101.22,14.01,28,1700,S,62,4.8,20,DR,CF,70,12.975,
Thailand,Bansang district,101.22,14.01,28,1700,S,62,4.8,20,DR,IF,70,6.6,
Thailand,Bansang district,101.22,14.01,28,1700,S,62,4.8,20,DR,IF,70,15.75,
Philippines,Nueva Ecija,120.89,15.67,26,1780,S,43,6.88,13.2,DR,CF,120,71.25,
Philippines,Nueva Ecija,120.89,15.67,26,1780,S,43,6.88,13.2,DR,CF,180,50.25,
Philippines,Nueva Ecija,120.89,15.67,26,1780,S,43,6.88,13.2,DR,CF,171,50.25,
Philippines,Nueva Ecija,120.89,15.67,26,1780,S,43,6.88,13.2,DR,CF,117,78,
Philippines,Nueva Ecija,120.89,15.67,26,1780,S,43,6.88,13.2,DR,CF,120,199.5,
Philippines,Nueva Ecija,120.89,15.67,26,1780,S,43,6.88,13.2,DR,CF,120,172.5,
Philippines,Nueva Ecija,120.89,15.67,26,1780,S,43,6.88,13.2,DR,CF,120,168.75,
Philippines,Nueva Ecija,120.89,15.67,26,1780,S,43,6.88,13.2,DR,CF,120,180.75,
Philippines,Nueva Ecija,120.89,15.67,26,1780,S,43,6.88,13.2,DR,CF,120,153,
Philippines,Nueva Ecija,120.89,15.67,26,1780,S,43,6.88,13.2,DR,CF,120,138,
Philippines,Nueva Ecija,120.89,15.67,26,1780,S,43,6.88,13.2,DR,CF,180,171,
Philippines,Nueva Ecija,120.89,15.67,26,1780,S,43,6.88,13.2,DR,CF,180,108.75,
Philippines,Nueva Ecija,120.89,15.67,26,1780,S,43,6.88,13.2,DR,CF,120,388.5,
Philippines,Nueva Ecija,120.89,15.67,26,1780,S,43,6.88,13.2,DR,CF,120,245.25,
Philippines,Nueva Ecija,120.89,15.67,26,1780,S,43,6.88,13.2,DR,CF,180,398.25,
Philippines,Nueva Ecija,120.89,15.67,26,1780,S,43,6.88,13.2,DR,CF,120,107.25,
Philippines,Nueva Ecija,120.89,15.67,26,1780,S,43,6.88,13.2,DR,CF,120,120,
Philippines,Nueva Ecija,120.89,15.67,26,1780,S,43,6.88,13.2,DR,CF,120,204,
Philippines,Nueva Ecija,120.89,15.67,26,1780,S,43,6.88,13.2,DR,CF,150,67.5,
India,Cuttack,86.57,20.73,27.6,1500,S,,6.7,6.7,DR,CF,100,25.4163,
India,Cuttack,86.57,20.73,27.6,1500,S,,6.7,6.7,DR,CF,100,23.236875,
India,Cuttack,86.57,20.73,27.6,1500,S,,6.7,6.7,DR,CF,100,26.9001,
India,Cuttack,86.57,20.73,27.6,1500,S,,6.7,6.7,DR,CF,100,25.8687,
India,Cuttack,86.57,20.73,27.6,1500,S,,6.7,6.7,DR,CF,80,45.483075,
India,Cuttack,86.57,20.73,27.6,1500,S,,6.7,6.7,DR,CF,80,39.19545,
India,Cuttack,86.57,20.73,27.6,1500,S,,6.7,6.7,DR,CF,80,43.121775,
India,Cuttack,86.57,20.73,27.6,1500,S,,6.7,6.7,DR,CF,80,41.6814,
India,Cuttack,86.57,20.73,27.6,1500,S,,6.7,6.7,DR,CF,100,31.95945,
India,Cuttack,86.57,20.73,27.6,1500,S,,6.7,6.7,DR,CF,100,27.85515,
India,Cuttack,86.57,20.73,27.6,1500,S,,6.7,6.7,DR,CF,100,34.364475,
India,Cuttack,86.57,20.73,27.6,1500,S,,6.7,6.7,DR,CF,100,30.1968,
India,Cuttack,86.57,20.73,27.6,1500,S,,6.7,6.7,DR,CF,80,50.07645,
India,Cuttack,86.57,20.73,27.6,1500,S,,6.7,6.7,DR,CF,80,44.1477,
India,Cuttack,86.57,20.73,27.6,1500,S,,6.7,6.7,DR,CF,80,48.0795,
India,Cuttack,86.57,20.73,27.6,1500,S,,6.7,6.7,DR,CF,80,47.889,
India,Cuttack,86.57,20.73,27.6,1500,S,25.9,6.16,6.6,SR,CF,40,34.035,0.9225
India,Cuttack,86.57,20.73,27.6,1500,S,25.9,6.16,6.6,SR,CF,40,38.4975,2.895
India,Cuttack,85.93,20.45,27.6,1500,S,27.9,6.5,14.5,DR,CF,90,126.15,
India,Cuttack,85.93,20.45,27.6,1500,S,27.9,6.5,14.5,DR,CF,90,196.575,
India,Cuttack,85.93,20.45,27.6,1500,S,27.9,6.5,14.5,DR,CF,90,144.525,
India,Cuttack,86.5,20.2,27.6,1500,S,25.9,6.8,9,DR,CF,40,127.8585,8.415
India,Cuttack,86.5,20.2,27.6,1500,S,25.9,6.8,9,DR,CF,40,197.6988,2.535
India,Cuttack,86.5,20.2,27.6,1500,S,25.9,6.8,9,DR,CF,70,15.053325,3.675
India,Cuttack,86.5,20.2,27.6,1500,S,25.9,6.8,9,DR,CF,35,75.6462,13.3125
India,Cuttack,86.5,20.2,27.6,1500,S,25.9,6.8,9,DR,CF,35,17.088,0.4725
India,Cuttack,86.5,20.2,27.6,1500,S,25.9,6.8,9,DR,CF,35,62.7858,4.44
India,Cuttack,86.5,20.2,27.6,1500,S,25.9,6.8,9,DR,CF,70,34.927875,0.795
Spain,,-5.7,39.1,16,480,S,13.5,5.84,15.6,SR,CF,114,154.5,
Spain,,-5.7,39.1,16,480,S,17,5.64,9.24,SR,CF,114,5.475,
Spain,,-5.7,39.1,16,480,S,17,5.64,9.24,SR,CF,114,241.5,
Spain,,-5.7,39.1,16,480,S,13.5,5.84,15.6,SR,CF,114,76.5,
Spain,,-5.7,39.1,16,480,S,17,5.64,9.24,SR,CF,114,177.75,
Spain,,-5.7,39.1,16,480,S,13.5,5.84,15.6,SR,CF,114,49.2,
Spain,,-5.7,39.1,16,480,S,17,5.64,9.24,SR,CF,114,375,
Japan,Chiba,140.04,35.7,15,1399,S,,5.8,37.7,SR,CF,70,-1.125,0.225
Japan,Chiba,140.04,35.7,15,1399,S,,5.8,37.7,SR,CF,70,5.7,4.725
China,Chongqing,106.43,30.43,19.4,760.3,S,,6.83,25.29,SR,CF,152,193.5975,11.055
China,Chongqing,106.43,30.43,19.4,760.3,S,,6.83,25.29,RU,CF,152,35.1675,3.18
China,Chongqing,106.43,30.43,19.4,760.3,S,,6.83,25.29,RU,CF,90,92.37,17.0925
Japan,Kamikawa,140.45,43.85,8,1000,S,,6.1,13,SR,CF,90,67,
Japan,Kamikawa,140.45,43.85,8,1000,S,,6.1,13,SR,CF,90,35,
Japan,Kamikawa,140.45,43.85,8,1000,S,,6.1,13,SR,IF,90,38,
Japan,Kamikawa,140.45,43.85,8,1000,S,,6.1,13,SR,CF,90,75,
Japan,Kamikawa,140.45,43.85,8,1000,S,,6.1,13,SR,IF,90,62,
Japan,Kamikawa,140.45,43.85,8,1000,S,,6.1,13,SR,CF,90,377,
China,Jingzhou,112.1,30.38,16.7,1200,S,,6.4,25.3,DR,CF,195,155.7,13.125
China,Jingzhou,112.1,30.38,16.7,1203,S,,6.4,25.3,DR,CF,195,190.125,18.75
China,Jingzhou,112.1,30.38,16.7,1204,S,,6.4,25.3,DR,CF,195,171.225,14.55
China,Jingzhou,112.1,30.38,16.7,1207,S,,6.4,25.3,DR,CF,195,166.5,14.85
China,Jingzhou,112.1,30.38,16.7,1208,S,,6.4,25.3,DR,CF,195,82.5,9.15
China,Jingzhou,112.1,30.38,16.7,1211,S,,6.4,25.3,DR,CF,195,59.475,5.325
China,Jingzhou,112.1,30.38,16.7,1212,S,,6.4,25.3,DR,CF,195,235.425,20.1
China,Jingzhou,112.1,30.38,16.7,1215,S,,6.4,25.3,DR,CF,195,221.025,22.575
China,Jingzhou,112.1,30.38,16.7,1216,S,,6.4,25.3,DR,CF,195,164.775,13.2
China,Jingzhou,112.1,30.38,16.7,1219,S,,6.4,25.3,DR,CF,195,139.65,12.45
China,Jingzhou,112.1,30.38,16.7,1220,S,,6.4,25.3,DR,CF,195,129.3,6.975
China,Jingzhou,112.1,30.38,16.7,1223,S,,6.4,25.3,DR,CF,195,202.425,16.5
India,New Delhi,77.2,28.67,26,750,S,21,8.1,4.6,RU,CF,120,24.6,0.525
India,New Delhi,77.2,28.67,26,750,S,21,8.1,4.6,RU,CF,120,26.325,0.5625
India,New Delhi,77.2,28.67,26,750,S,21,8.1,4.6,RU,IF,120,17.475,0.225
India,New Delhi,77.2,28.67,26,750,S,21,8.1,4.6,RU,CF,120,2.925,0.0975
India,New Delhi,77.2,28.67,26,750,S,21,8.1,4.6,RU,CF,120,3.6,0.0675
India,New Delhi,77.2,28.67,26,750,S,21,8.1,4.6,RU,CF,120,30.3,0.495
India,New Delhi,77.2,28.67,26,750,S,21,8.1,4.6,RU,CF,120,32.55,0.4425
India,New Delhi,77.2,28.67,26,750,S,21,8.1,4.6,RU,IF,120,22.65,0.3375
India,New Delhi,77.2,28.67,26,750,S,21,8.1,4.6,RU,CF,120,5.025,0.1875
India,New Delhi,77.2,28.67,26,750,S,21,8.1,4.6,RU,CF,120,6.075,0.1425
South korea,Jinju,128.43,36.83,13.6,1223,S,,6.5,14,SR,CF,90,165,
South korea,Jinju,128.43,36.83,13.6,1223,S,,6.5,14,SR,CF,90,170,
South korea,Jinju,128.43,36.83,13.6,1223,S,,6.5,14,SR,CF,90,147,
South korea,Jinju,128.43,36.83,13.6,1223,S,,6.2,11.9,SR,CF,90,128,
South korea,Jinju,128.43,36.83,13.6,1223,S,,6.2,11.9,SR,CF,90,113,
South korea,Jinju,128.43,36.83,13.6,1223,S,,6.2,11.9,SR,CF,90,180,
South korea,Jinju,128.43,36.83,13.6,1223,S,,6.2,11.9,SR,IF,90,105,
South korea,Jinju,128.43,36.83,13.6,1223,S,,6.2,11.9,SR,CF,90,154,
South korea,Jinju,128.43,36.83,13.6,1223,S,,6.2,11.9,SR,CF,90,160,
China,Sanya,109.6,18.29,25.5,1347.5,S,19.51,5.91,7.784222738,RU,CF,180,4.935,1.1925
China,Sanya,109.6,18.29,25.5,1347.5,S,19.51,5.91,7.784222738,RU,CF,144,6.0375,1.4175
South korea,Jinju,128.43,36.83,13.6,1223,S,,6.5,14,SR,CF,90,165,
India,New Delhi,77.2,28.67,26,750,S,16.1,8.2,4.1,DR,CF,120,29.85,
India,New Delhi,77.2,28.67,26,750,S,16.1,8.2,4.1,DR,IF,120,24.3,
India,New Delhi,77.2,28.67,26,750,S,16.1,8.2,4.1,DR,CF,120,26.1,
India,New Delhi,77.2,28.67,26,750,S,16.1,8.2,4.1,DR,IF,120,22.5,
India,New Delhi,77.2,28.67,26,750,S,16.1,8.2,4.1,DR,CF,120,17.0025,
India,New Delhi,77.2,28.67,26,750,S,16.1,8.2,4.1,DR,IF,120,7.2825,
India,New Delhi,77.2,28.67,26,750,S,16.1,8.2,4.1,DR,IF,120,9.3525,
India,New Delhi,77.2,28.67,26,750,S,16.1,8.2,4.1,DR,IF,120,10.08,
India,New Delhi,77.2,28.67,26,750,S,16.1,8.2,4.1,DR,CF,120,17.25,
India,New Delhi,77.2,28.67,26,750,S,16.1,8.2,4.1,DR,IF,120,13.425,
India,New Delhi,77.2,28.67,26,750,M,16.1,8.2,4.1,DR,CF,120,12.435,
India,New Delhi,77.2,28.67,26,750,M,16.1,8.2,4.1,DR,IF,120,9.6975,
Philippines,Los Baños,121.26,14.16,27.4,2115,S,54.2,6.3,18,DR,CF,130,56.9,21.3
Philippines,Los Baños,121.26,14.16,27.4,2115,S,54.2,6.3,18,DR,CF,130,99.12,26.1
Philippines,Los Baños,121.26,14.16,27.4,2115,S,54.2,6.3,18,DR,CF,130,107.09,27.3
Philippines,Los Baños,121.26,14.16,27.4,2115,S,54.2,6.3,18,RU,CF,130,101.39,14.1
Philippines,Los Baños,121.26,14.16,27.4,2115,S,54.2,6.3,18,RU,CF,130,101,17.4
Philippines,Los Baños,121.26,14.16,27.4,2115,S,54.2,6.3,18,RU,CF,130,55.96,22.1
Philippines,Los Baños,121.26,14.16,27.4,2115,S,54.2,6.3,18,RU,CF,130,60.95,10.9
South korea,,128.12,35.1,13,1500,S,,6.16,19.8,SR,CF,90,286.29,
Indonesia,,119.58,-4.98,27.1,2923,S,38,6.7,20.5,DR,CF,150,137.7,24.6
Indonesia,,119.58,-4.98,27.1,2923,S,38,6.7,20.5,DR,IF,150,102.8,29.2
South korea,Suncheon-si,127.5,35,13,1500,S,,4.95,2.018561485,SR,CF,90,96.675,
South korea,Suncheon-si,127.5,35,13,1500,S,,6.82,14.70417633,SR,CF,90,93.525,
South korea,Jinju,128.12,35.11,13,1500,S,,5.6,8.9,SR,CF,45,257,
South korea,Jinju,128.12,35.11,13,1500,S,,5.6,8.9,SR,CF,90,294,
South korea,Jinju,128.12,35.11,13,1500,S,,5.6,8.9,SR,CF,180,330,
South korea,Jinju,128.12,35.11,13,1500,S,,5.6,8.9,SR,CF,45,228,
South korea,Jinju,128.12,35.11,13,1500,S,,5.6,8.9,SR,CF,90,253,
South korea,Jinju,128.12,35.11,13,1500,S,,5.6,8.9,SR,CF,180,284,
South korea,Gyeonggi-do,127.04,37.22,12.9,1289,S,,5.4,12.76102088,SR,CF,90,118.98,
South korea,Jinju,128.12,35.11,13.1,1513,S,,6.2,14.4,SR,CF,110,285.375,7.8
South korea,Jinju,128.12,35.11,13.1,1513,S,,6.2,14.4,SR,CF,110,208.575,3.9
South korea,Jinju,128.12,35.11,13.1,1513,S,,6.2,14.4,SR,CF,110,272.55,9.15
South korea,Jinju,128.12,35.11,13.1,1513,S,,6.2,14.4,SR,CF,110,218.025,16.875
South korea,Jinju,128.12,35.11,13.1,1513,M,,6.2,14.4,SR,CF,110,213.45,29.925
South korea,Jinju,128.12,35.11,13.1,1513,M,,6.2,14.4,SR,CF,110,289.05,16.95
South korea,Jinju,128.1,35.15,13.1,1513,S,,6.6,15.5,SR,CF,110,362,
China,Suzhou,120.55,31.5,15,1063,L,18.6,7.22,16.02,RU,IF,240,42.825,5.1675
China,Suzhou,120.55,31.5,15,1063,L,18.6,7.22,16.02,RU,IF,240,41.5275,5.04
India,Cuttack,85.94,20.45,27.6,1500,S,25.1,6.9,4.9,DR,CF,100,24.165,
India,Cuttack,85.94,20.45,27.6,1500,S,25.1,6.9,4.9,DR,IF,100,18.495,
India,Cuttack,85.94,20.45,27.6,1500,S,25.1,6.9,4.9,DR,IF,100,14.76,
India,Cuttack,85.94,20.45,27.6,1500,S,25.1,6.9,4.9,DR,IF,100,12.66,
India,Cuttack,85.94,20.45,27.6,1500,S,25.1,6.9,4.9,DR,IF,100,11.3175,
India,Cuttack,85.94,20.45,27.6,1500,S,25.1,6.9,4.9,DR,IF,100,10.5225,
India,Cuttack,85.94,20.45,27.6,1500,S,25.1,6.9,4.9,DR,CF,100,25.5525,
India,Cuttack,85.94,20.45,27.6,1500,S,25.1,6.9,4.9,DR,IF,100,17.7225,
India,Cuttack,85.94,20.45,27.6,1500,S,25.1,6.9,4.9,DR,IF,100,14.5575,
India,Cuttack,85.94,20.45,27.6,1500,S,25.1,6.9,4.9,DR,IF,100,12.525,
India,Cuttack,85.94,20.45,27.6,1500,S,25.1,6.9,4.9,DR,IF,100,11.2575,
India,Cuttack,85.94,20.45,27.6,1500,S,25.1,6.9,4.9,DR,IF,100,10.2825,
Indonesia,,111,-7.55,24.9,2285,S,,,,DR,CF,245,372.75,
USA,Biggs,-121.73,39.46,16.3,606,S,45,5.3,10.6,SR,CF,180,122,25.3
USA,Biggs,-121.73,39.46,16.3,606,S,45,5.3,10.6,SR,IF,180,53,12.6
USA,Biggs,-121.73,39.46,16.3,606,S,45,5.3,10.6,SR,IF,180,17,2.1
USA,Biggs,-121.73,39.46,16.3,606,S,45,5.3,10.6,SR,CF,180,145,19.7
USA,Biggs,-121.73,39.46,16.3,606,S,45,5.3,10.6,SR,IF,180,51.7,17.6
USA,Biggs,-121.73,39.46,16.3,606,S,45,5.3,10.6,SR,IF,180,18.4,6.27
China,Changsha,112.9,29.87,17,1500,S,,7.1,28.53828306,DR,CF,100,117,6
China,Guanghan,104.17,31.05,16.3,890,L,16,6,20.1,RU,CF,240,18.1,10.6
China,Guanghan,104.17,31.05,16.3,890,L,16,6,20.1,RU,CF,150,3.07,2.05
China,Guanghan,104.17,31.05,16.3,890,L,16,6,20.1,RU,CF,150,38.6,12.6
China,Yingtan,116.92,28.33,17.6,1741,S,,5.2,,DR,IF,120,103.8075,19.0575
China,Yingtan,116.92,28.33,17.6,1741,S,,5.2,,DR,IF,120,79.9875,12.9675
China,Yingtan,116.92,28.33,17.6,1741,S,,5.2,,DR,IF,120,103.035,25.2675
China,Yingtan,116.92,28.33,17.6,1741,S,,5.2,,DR,IF,120,123.7575,14.715
China,Yingtan,116.92,28.33,17.6,1741,S,,5.2,,DR,IF,115,118.305,17.46
China,Yingtan,116.92,28.33,17.6,1741,S,,5.2,,DR,IF,90,101.8125,2.9775
China,Yingtan,116.92,28.33,17.6,1741,S,,5.2,,DR,IF,120,103.8075,19.0575
China,Yingtan,116.92,28.33,17.6,1741,S,,5.2,,DR,IF,120,103.035,25.2675
China,Nanjing,118.86,32.16,15.6,1100,S,26.1,6.2,19.4,RU,CF,200,20.7525,0.1725
China,Nanjing,118.86,32.16,15.6,1100,S,26.1,6.2,19.4,RU,CF,200,33.1425,0.2775
China,Nanjing,118.86,32.16,15.6,1100,S,26.1,6.2,19.4,RU,CF,200,14.97,0.195
China,Nanjing,118.86,32.16,15.6,1100,S,26.1,6.2,19.4,RU,CF,200,17.49,0.3825
China,Suzhou,120.71,31.56,15.5,1038,S,33,7.35,20.3,RU,CF,252,307,17
Vietnam,,106.13,19.98,23.5,1750,S,,5.9,4,DR,CF,55,569,
Vietnam,,106.13,19.98,23.5,1750,S,,5.9,4,DR,CF,110,692,
Vietnam,,106.22,20.06,23.5,1750,S,,4.8,9,DR,CF,55,507,
Vietnam,,106.22,20.06,23.5,1750,S,,4.8,9,DR,CF,110,676,
India,New Delhi,77.2,28.67,26,750,S,21,8.04,4.2,RU,IF,120,20.25,
Thailand,,100.61,14.37,27,1200,S,64,6,9.5,DR,CF,68,54.5925,
Thailand,,100.61,14.37,27,1200,S,64,6,9.5,DR,IF,68,45.72,
Thailand,,100.61,14.37,27,1200,S,64,6,9.5,DR,CF,68,24.885,
Thailand,,100.61,14.37,27,1200,S,64,6,9.5,DR,IF,68,25.875,
Spain,,-0.63,40.78,17,550,S,,8.1,12.81902552,SR,CF,50,-166.5,17.535
Spain,,-0.63,40.78,17,550,S,,8.1,12.81902552,SR,CF,200,-93.75,11.8575
Spain,,-0.63,40.78,17,550,S,,8.1,12.81902552,SR,CF,50,195.75,18.8625
Spain,,-0.63,40.78,17,550,S,,8.1,12.81902552,SR,CF,200,459.75,32.7825
Spain,,-0.04,41.76,14.6,350,S,,8.5,5.858468677,SR,CF,180,183.75,22.185
Japan,Ibaraki,135.3,34.03,16,1306,S,,6,44.1,SR,IF,90,48.825,
Japan,Ibaraki,135.3,34.03,16,1306,S,,6,44.1,SR,CF,90,103.275,
Japan,Ibaraki,135.3,34.03,16,1306,S,,6,44.1,SR,IF,90,48.375,
Japan,Ibaraki,135.3,34.03,16,1306,S,,6,44.1,SR,CF,90,189,
Japan,Ibaraki,135.3,34.03,16,1306,S,,6,44.1,SR,CF,135,30.675,
Japan,Ibaraki,135.3,34.03,16,1306,S,,6,44.1,SR,CF,135,56.85,
Japan,Ibaraki,135.3,34.03,16,1306,S,,6,44.1,SR,CF,90,44.025,
Japan,Ibaraki,135.3,34.03,16,1306,S,,6,44.1,SR,CF,45,58.95,
India,Cuttack,85.92,20.42,27.6,1500,S,28,6.8,4.8,RU,CF,100,41.85,
India,Cuttack,85.92,20.42,27.6,1500,S,28,6.8,4.8,RU,CF,100,38.325,
India,Cuttack,85.92,20.42,27.6,1500,S,28,6.8,4.8,RU,CF,100,46.425,
India,Cuttack,85.92,20.42,27.6,1500,S,28,6.8,4.8,RU,CF,100,40.8,
Japan,Hokkaido,141.82,43.23,7.3,1171,S,33.8,5.78,28.5,SR,CF,80,40.4,18.5
India,Thanjavur District,79.5,11,18.2,1292,S,25.3,7.5,19.6,DR,IF,150,45,6
India,Thanjavur District,79.5,11,18.2,1292,S,25.3,7.5,19.6,DR,IF,150,33.825,17.325
India,Thanjavur District,79.5,11,18.2,1292,S,25.3,7.5,19.6,DR,CF,150,74.55,22.875
India,Thanjavur District,79.5,11,18.2,1292,S,25.3,7.5,19.6,DR,IF,150,38.775,7.05
India,Thanjavur District,79.5,11,18.2,1292,S,25.3,7.5,19.6,DR,IF,150,38.1,13.725
India,Thanjavur District,79.5,11,18.2,1292,S,25.3,7.5,19.6,DR,CF,150,66.675,21.15
India,Thanjavur District,79.5,11,18.2,1292,S,25.3,7.5,19.6,DR,IF,150,89.775,20.775
India,Thanjavur District,79.5,11,18.2,1292,S,25.3,7.5,19.6,DR,IF,150,85.8,16.05
India,Thanjavur District,79.5,11,18.2,1292,S,25.3,7.5,19.6,DR,CF,150,115.5,11.55
India,Thanjavur District,79.5,11,18.2,1292,S,25.3,7.5,19.6,DR,IF,150,85.125,16.575
India,Thanjavur District,79.5,11,18.2,1292,S,25.3,7.5,19.6,DR,IF,150,97.65,10.95
India,Thanjavur District,79.5,11,18.2,1292,S,25.3,7.5,19.6,DR,IF,150,123.375,19.275
Myanmar,Kanyutkwin,96.73,18.81,24.8,1870,S,40.7,6.4,2,RU,CF,50,213.75,
Myanmar,Kanyutkwin,96.73,18.81,24.8,1870,S,39,5.7,2,RU,CF,50,221.25,
China,Yongzhou,111.87,26.75,18.3,1325,L,,6.5,11.65893271,DR,CF,153,563.9775,85.9125
China,Yongzhou,111.87,26.75,18.3,1325,L,,6.5,11.65893271,DR,CF,153,599.175,19.935
China,Yongzhou,111.87,26.75,18.3,1325,L,,6.5,11.65893271,DR,CF,153,372.315,5.4075
China,Yongzhou,111.87,26.75,18.3,1325,L,,6.5,11.65893271,DR,CF,153,555.3,57.8475
China,Yongzhou,111.87,26.75,18.3,1325,L,,6.5,11.65893271,DR,CF,153,396.6,46.125
USA,Stuttgart in Arkansas County,-91.4,34.47,16.7,1240,S,21,5.8,11.60092807,RU,CF,168,220,
USA,,-90.08,35.67,16.3,1280,S,51,7,15,RU,CF,165,13.6,
USA,,-90.08,35.67,16.3,1280,S,51,7,15,RU,CF,165,17.3,
USA,,-91.42,34.45,16.6,1260,S,19,6,7.2,RU,CF,168,126.1,
USA,,-91.42,34.45,16.6,1260,S,19,6,7.2,RU,CF,168,149.7,
Philippines,Los Baños,121.26,14.17,27.4,2115,S,62,6.6,18,DR,CF,70,382.5,
Philippines,Los Baños,121.26,14.17,27.4,2115,S,62,6.6,18,DR,CF,110,55.5,
Philippines,Los Baños,121.26,14.17,27.4,2115,S,62,6.6,18,DR,CF,110,90,
Philippines,Los Baños,121.26,14.17,27.4,2115,S,62,6.6,18,DR,CF,110,127.5,
Philippines,Los Baños,121.26,14.17,27.4,2115,S,62,6.6,18,DR,CF,110,382.5,
Philippines,Los Baños,121.26,14.17,27.4,2115,S,62,6.6,18,DR,CF,165,55.5,
Philippines,Los Baños,121.26,14.17,27.4,2115,S,62,6.6,18,DR,CF,165,90,
Philippines,Los Baños,121.26,14.17,27.4,2115,S,62,6.6,18,DR,CF,165,127.5,
USA,,-95.435,29.298,20.3,1320,S,,,,RU,CF,228,85.425,1.6725
USA,,-95.435,29.298,20.3,1320,S,,,,RU,CF,228,87.525,0.69
USA,,-95.435,29.298,20.3,1320,S,,,,RU,CF,228,98.7,0.915
USA,,-95.435,29.298,20.3,1320,S,,,,RU,CF,228,97.95,1.2675
Indonesia,,111.2,-6.78,26,1900,S,12,4.7,4.8,DR,CF,120,171.75,
Indonesia,,111.2,-6.78,26,1900,S,12,4.7,4.8,DR,CF,120,192,
Indonesia,,111.2,-6.78,26,1900,S,12,4.7,4.8,DR,CF,120,44.25,
Indonesia,,111.2,-6.78,26,1900,S,12,4.7,4.8,DR,CF,120,19.5,
Indonesia,,111.2,-6.78,26,1900,S,12,4.7,4.8,DR,CF,120,105.75,
Indonesia,,111.2,-6.78,26,1900,S,12,4.7,4.8,DR,CF,120,57.75,
Indonesia,,111.2,-6.78,26,1900,S,12,4.7,4.8,DR,CF,120,51.75,
Indonesia,,111.2,-6.78,26,1900,S,12,4.7,4.8,DR,CF,120,86.25,
Indonesia,,111.2,-6.78,26,1900,S,12,4.7,4.8,DR,CF,120,56.25,
Indonesia,,111.2,-6.78,26,1900,S,12,4.7,4.8,DR,CF,120,78.75,
Indonesia,,111.2,-6.78,26,1900,S,12,4.7,4.8,DR,CF,120,42,
Indonesia,,111.2,-6.78,26,1900,S,12,4.7,4.8,DR,CF,120,65.25,
Indonesia,,111.2,-6.78,26,1900,S,12,4.7,4.8,DR,CF,120,39.75,
Indonesia,,111.2,-6.78,26,1900,S,12,4.7,4.8,DR,CF,120,124.5,
Indonesia,,111.2,-6.78,26,1900,M,12,4.7,4.8,DR,CF,120,127.5,
Indonesia,,111.2,-6.78,26,1900,M,12,4.7,4.8,DR,CF,120,78,
Indonesia,,111.2,-6.78,26,1900,M,12,4.7,4.8,DR,CF,120,27.75,
Indonesia,,111.2,-6.78,26,1900,M,12,4.7,4.8,DR,CF,120,33.75,
Indonesia,,111.2,-6.78,26,1900,M,12,4.7,4.8,DR,CF,120,135.75,
Indonesia,,111.2,-6.78,26,1900,M,12,4.7,4.8,DR,CF,120,122.25,
Indonesia,,111.2,-6.78,26,1900,M,12,4.7,4.8,DR,CF,120,66,
Indonesia,,111.2,-6.78,26,1900,M,12,4.7,4.8,DR,CF,120,76.5,
Indonesia,,111.2,-6.78,26,1900,M,12,4.7,4.8,DR,CF,120,75.75,
Indonesia,,111.2,-6.78,26,1900,M,12,4.7,4.8,DR,CF,120,96,
Indonesia,,111.2,-6.78,26,1900,M,12,4.7,4.8,DR,CF,120,102.75,
Indonesia,,111.2,-6.78,26,1900,M,12,4.7,4.8,DR,CF,120,106.5,
Indonesia,,111.2,-6.78,26,1900,M,12,4.7,4.8,DR,CF,120,39,
Indonesia,,111.2,-6.78,26,1900,M,12,4.7,4.8,DR,CF,120,60.75,
Indonesia,,111.2,-6.78,26,1900,M,12,4.7,4.8,DR,CF,120,72.75,
Indonesia,,111.2,-6.78,26,1900,M,12,4.7,4.8,DR,CF,120,87,
China,Huanggang,115.5,29.92,16.8,1361,S,,6.58,18.34,RU,CF,150,154.05,1.875
China,Huanggang,115.5,29.92,16.8,1361,S,,6.58,18.34,RU,CF,150,197.55,12.9
Philippines,Nueva Ecija,120.88,15.67,27.6,1941,S,46.2,7,14,DR,CF,120,52.425,
Philippines,Nueva Ecija,120.88,15.67,27.6,1941,S,46.2,7,14,DR,IF,120,31.65,
Philippines,Nueva Ecija,120.88,15.67,27.6,1941,S,46.2,7,14,DR,IF,120,39.6,
Philippines,Nueva Ecija,120.88,15.67,27.6,1941,S,46.2,7,14,DR,CF,90,246.675,
Philippines,Nueva Ecija,120.88,15.67,27.6,1941,S,46.2,7,14,DR,IF,90,262.575,
Philippines,Nueva Ecija,120.88,15.67,27.6,1941,S,46.2,7,14,DR,IF,90,280.5,
South korea,Noeundong,127.33,36.37,13,1366,S,21,5.5,11.6,SR,CF,90,288.75,123
South korea,Jukdong,127.33,36.37,13,1366,S,16,5.4,8.5,SR,CF,90,288.75,123
South korea,Wanju,127.04,35.83,12.9,1289,S,22,7.7,8.03,SR,CF,90,288.75,123
South korea,Gimje,127.33,36.37,13.6,1223,S,33,7,19.1,SR,CF,90,288.75,123
South korea,Jinju,128.16,35.23,13.4,1533,S,29,6.5,14.2,SR,CF,90,288.75,123
South korea,Sacheon,128.2,35.19,13.2,1528,S,21,6.6,17.1,SR,CF,90,288.75,123
South korea,Noeundong,127.33,36.37,13,1366,S,21,5.5,11.6,SR,CF,90,278.25,63
South korea,Jukdong,127.33,36.37,13,1366,S,16,5.4,8.5,SR,CF,90,278.25,63
South korea,Wanju,127.04,35.83,12.9,1289,S,22,7.7,8.03,SR,CF,90,278.25,63
South korea,Gimje,127.33,36.37,13.6,1223,S,33,7,19.1,SR,CF,90,278.25,63
South korea,Jinju,128.16,35.23,13.4,1533,S,29,6.5,14.2,SR,CF,90,278.25,63
South korea,Sacheon,128.2,35.19,13.2,1528,S,21,6.6,17.1,SR,CF,90,278.25,63
Thailand,Chombueng,99.51,13.59,27,1200,S,12,6.12,3.9,DR,CF,90,198.75,30.75
Thailand,Chombueng,99.51,13.59,27,1200,S,12,6.12,3.9,DR,IF,90,177.75,29.25
Thailand,Chombueng,99.51,13.59,27,1200,S,12,6.12,3.9,DR,CF,90,201,24.75
Thailand,Chombueng,99.51,13.59,27,1200,S,12,6.12,3.9,DR,IF,90,155.25,20.25
China,Wuxi,119.99,31.48,16,1079,S,,8.58,11.77,RU,CF,300,168.15,28.43
China,Huanggang,116.23,30.02,16.8,1361,S,,6.3,16.10208817,RU,IF,180,62.71323529,
China,Huanggang,116.23,30.02,16.8,1361,S,,6.3,16.10208817,RU,IF,180,149.5588235,
China,Huanggang,116.23,30.02,16.8,1361,S,,6.3,16.10208817,DR,IF,180,59.625,
China,Huanggang,116.23,30.02,16.8,1361,S,,6.3,16.10208817,DR,IF,180,331.7426471,
China,Huanggang,116.23,30.02,16.8,1361,S,,6.3,16.10208817,RU,IF,180,171.8382353,
China,Huanggang,116.23,30.02,16.8,1361,S,,6.3,16.10208817,RU,IF,180,302.3823529,
China,Huanggang,116.23,30.02,16.8,1361,S,,6.3,16.10208817,DR,IF,180,168.7720588,
China,Huanggang,116.23,30.02,16.8,1361,S,,6.3,16.10208817,DR,IF,180,509.2941176,
India,New Delhi,77.2,28.67,26,650,S,,7.8,,DR,CF,120,24.2475,
India,New Delhi,77.2,28.67,26,650,S,,7.8,,DR,CF,120,14.9475,
India,New Delhi,77.2,28.67,26,650,S,,7.8,,DR,CF,120,21.975,
Japan,Akita Prefecture,140.5,39.48,10.6,1736,L,,5.25,22.4,SR,CF,80,407,
Japan,Akita Prefecture,140.5,39.48,10.6,1736,L,,5.08,22.8,SR,CF,60,266,
Japan,Akita Prefecture,140.5,39.48,10.6,1736,L,,5.25,22.4,SR,CF,80,518,
Japan,Akita Prefecture,140.5,39.48,10.6,1736,L,,5.08,22.8,SR,CF,60,181,
Japan,"Field Education and Research Center, Faculty of Bioresource Sciences",139.95,40,11,1367,S,,7.9,23.1,SR,CF,70,102,30
Japan,"Field Education and Research Center, Faculty of Bioresource Sciences",139.95,40,11,1367,S,,7.9,23.1,SR,CF,50,82,15
Japan,"Field Education and Research Center, Faculty of Bioresource Sciences",139.95,40,11,1367,M,,7.9,23.1,SR,CF,50,174,30
Thailand,Prachin Buri,101.22,14.01,27,1200,M,62.9,3.53,22.2,DR,CF,140,10.05,
Thailand,Prachin Buri,101.22,14.01,27,1200,M,62.9,3.53,22.2,DR,CF,140,17.25,
Philippines,Muñoz,120.89,15.67,27.6,1941,M,46.2,5.89,14.6,DR,CF,240,52.425,
Philippines,Muñoz,120.89,15.67,27.6,1941,M,46.2,5.89,14.6,DR,CF,240,246.675,
Thailand,,100.33,13.33,27,1200,S,54,6.1,13.34106729,DR,CF,68,179.6625,0.1125
Thailand,,100.33,13.33,27,1200,S,54,6.1,13.34106729,DR,CF,68,182.7,1.2225
Thailand,,100.33,13.33,27,1200,S,54,6.1,13.34106729,DR,CF,68,130.215,0.3975
Thailand,,100.33,13.33,27,1200,S,54,6.1,13.34106729,DR,CF,68,117.5925,1.365
China,Panjin,122.26,41.17,8.6,627,S,,7.28,13.8,SR,CF,160,211.875,12.6
China,Changsha,113.33,28.55,17.5,1330,S,27.2,5.1,17.5,DR,CF,120,27,
China,Changsha,113.33,28.55,17.5,1330,S,27.2,5.1,17.5,DR,CF,150,56,
China,Changsha,113.33,28.55,17.5,1330,S,27.2,5.1,17.5,DR,CF,120,50,
China,Changsha,113.33,28.55,17.5,1330,S,27.2,5.1,17.5,DR,CF,150,89,
China,Changsha,113.33,28.55,17.5,1330,S,27.2,5.1,17.5,DR,CF,120,55,
China,Changsha,113.33,28.55,17.5,1330,S,27.2,5.1,17.5,DR,CF,150,70,
China,Changsha,113.33,28.55,17.5,1330,M,27.2,5.1,17.5,DR,CF,120,116,
China,Changsha,113.33,28.55,17.5,1330,M,27.2,5.1,17.5,DR,CF,150,136,
China,Changsha,113.33,28.55,17.5,1330,M,27.2,5.1,17.5,DR,CF,120,162,
China,Suzhou,120.43,31.46,15.7,1094,M,30.8,6.1,17,RU,IF,225,79.1,5.52
China,Suzhou,120.43,31.46,15.7,1094,M,30.8,6.1,17,RU,IF,225,158,14.2
China,Suzhou,120.43,31.46,15.7,1094,M,30.8,6.1,17,RU,IF,225,95.5,6.4
China,Changde,111.45,28.92,16.5,1448,S,,5.37,16.3,DR,CF,208,141.75,
China,Changde,111.45,28.92,16.5,1448,S,,5.37,16.3,DR,CF,122,292.875,
China,Changde,111.45,28.92,16.5,1448,S,,5.37,16.3,DR,CF,208,157.5,
China,Changde,111.45,28.92,16.5,1448,S,,5.37,16.3,DR,CF,122,345.3,
Philippines,Laguna,121.25,14.15,26.8,2027,S,43,6.6,12,DR,CF,120,20.25,
Philippines,Laguna,121.25,14.15,26.8,2027,S,43,6.6,12,DR,CF,120,26.25,
Philippines,Laguna,121.25,14.15,26.8,2027,S,43,6.6,12,DR,CF,120,8.25,
Philippines,Laguna,121.25,14.15,26.8,2027,S,43,6.6,12,DR,CF,120,6,
Philippines,Laguna,121.25,14.15,26.8,2027,S,43,6.6,12,DR,CF,120,5.25,
Philippines,Laguna,121.25,14.15,26.8,2027,S,43,6.6,12,DR,CF,120,3.75,
Philippines,Laguna,121.25,14.15,26.8,2027,S,43,6.6,12,DR,CF,120,6,
Philippines,Laguna,121.25,14.15,26.8,2027,S,43,6.6,12,DR,CF,120,4.5,
Philippines,Laguna,121.25,14.15,26.8,2027,S,43,6.6,12,DR,CF,120,4.5,
Philippines,Laguna,121.25,14.15,26.8,2027,S,43,6.6,12,DR,CF,120,3,
Philippines,Laguna,121.25,14.15,26.8,2027,S,43,6.6,12,DR,CF,120,10.5,
China,Shenyang,123.38,43.53,7.5,700,S,,6.95,13.23,SR,CF,180,122.25,5.25
China,Changde,111.45,28.92,16.5,1448,L,,,18.1,DR,CF,101,373.5,13.5
China,Changde,111.45,28.92,16.5,1448,L,,,18.1,DR,CF,101,531,12
China,Changde,111.45,28.92,16.5,1448,L,,,17.8,DR,CF,101,178.5,9
China,Changde,111.45,28.92,16.5,1448,L,,,17.8,DR,CF,101,265.5,4.5
China,Changde,111.45,28.92,16.5,1448,L,,,17,DR,CF,101,41.25,11.25
China,Changde,111.45,28.92,16.5,1448,L,,,17,DR,CF,101,50.25,11.25
China,Yueyang,112.82,29.57,17,1450,S,16.7,7.7,29.2,DR,CF,200,128.325,14.775
China,Yueyang,112.82,29.57,17,1450,S,16.7,7.7,29.2,DR,CF,200,192.9,34.35
China,Jian,115.07,26.75,18,1509,S,11,4.98,9.33,DR,CF,179.2,206,58
China,Jian,115.07,26.75,18,1509,S,11,4.98,9.33,DR,CF,179.2,152,35
China,Jian,115.07,26.75,18,1509,S,11,4.98,9.33,DR,CF,179.2,43,9
China,Jian,115.07,26.75,18,1509,M,11,4.98,9.33,DR,CF,179.2,137,24
China,Yangzhou,119.42,32.5,16,924,S,,,23.2,RU,CF,300,388.245,
China,Yangzhou,119.42,32.5,16,924,S,,,23.2,RU,CF,300,362.9775,
China,Yangzhou,119.42,32.5,16,924,S,,,23.2,RU,CF,300,361.2975,
China,Yangzhou,119.42,32.5,16,924,S,,,23.2,RU,CF,300,344.2575,
China,Shanghai,121.38,30.88,16.1,1200,S,,7.6,13.7,RU,IF,225,93,20.175
China,Shanghai,121.38,30.88,16.1,1200,S,,7.6,13.7,RU,CF,225,41.175,20.475
China,Shanghai,121.38,30.88,16.1,1200,S,,7.6,13.7,RU,CF,225,40.35,15
China,Shanghai,121.38,30.88,16.1,1200,S,,7.6,13.7,RU,CF,225,28.2,10.125
China,Shanghai,121.38,30.88,16.1,1200,S,,7.6,13.7,RU,CF,225,11.4,2.925
China,Shanghai,121.38,30.88,16.1,1200,S,,7.6,13.7,RU,IF,225,126.375,30
China,Shanghai,121.38,30.88,16.1,1200,S,,7.6,13.7,RU,CF,225,55.05,9.225
China,Shanghai,121.38,30.88,16.1,1200,S,,7.6,13.7,RU,CF,225,55.275,33.9
China,Shanghai,121.38,30.88,16.1,1200,S,,7.6,13.7,RU,CF,225,64.725,2.25
China,Shanghai,121.38,30.88,16.1,1200,S,,7.6,13.7,RU,CF,225,16.275,4.65
China,Shanghai,121.38,30.88,16.1,1200,S,,7.6,13.7,RU,IF,225,13.2,1.425
China,Shanghai,121.38,30.88,16.1,1200,S,,7.6,13.7,RU,CF,225,3.225,0.6
China,Shanghai,121.38,30.88,16.1,1200,S,,7.6,13.7,RU,CF,225,0.75,0.525
China,Shanghai,121.38,30.88,16.1,1200,S,,7.6,13.7,RU,CF,225,-0.075,0.525
China,Shanghai,121.38,30.88,16.1,1200,S,,7.6,13.7,RU,CF,225,3.15,1.5
China,Shanghai,121.38,30.88,16.1,1200,S,,7.6,13.7,RU,IF,225,20.175,2.55
China,Shanghai,121.38,30.88,16.1,1200,S,,7.6,13.7,RU,CF,225,5.175,0.525
China,Shanghai,121.38,30.88,16.1,1200,S,,7.6,13.7,RU,CF,225,0.6,0.075
China,Shanghai,121.38,30.88,16.1,1200,S,,7.6,13.7,RU,CF,225,0.825,0.375
China,Shanghai,121.38,30.88,16.1,1200,S,,7.6,13.7,RU,CF,225,-0.9,0.75
China,Jinhua,119.48,29.02,17.5,1424,S,,5.31,14.84918794,SR,CF,180,100.035,
China,Jinhua,119.48,29.02,17.5,1424,S,,5.31,14.84918794,SR,CF,180,86.5425,
Brazil,Cachoeirinha,-51.1,-29.9,20,1350,S,20,5.4,9.280742459,RU,CF,176,318,
Brazil,Cachoeirinha,-51.1,-29.9,20,1350,S,20,5.4,9.280742459,RU,IF,176,168.75,
Brazil,Cachoeirinha,-51.1,-29.9,20,1350,S,20,5.4,9.280742459,RU,CF,166,227.25,
Brazil,Cachoeirinha,-51.1,-29.9,20,1350,S,20,5.4,9.280742459,RU,IF,166,34.5,
Brazil,Cachoeirinha,-51.1,-29.9,20,1350,S,20,5.4,9.280742459,RU,IF,166,66.75,
Brazil,Cachoeirinha,-51.1,-29.9,20,1394,S,17,5.3,7.540603248,RU,CF,110,305.325,
Brazil,Cachoeirinha,-51.1,-29.9,20,1394,S,17,5.3,7.540603248,RU,CF,192.5,503.625,
Brazil,Cachoeirinha,-51.1,-29.9,20,1394,S,17,5.3,7.540603248,RU,CF,275,413.1,
Brazil,Cachoeirinha,-51.1,-29.9,20,1394,S,17,5.3,7.540603248,RU,CF,110,212.025,
Brazil,Cachoeirinha,-51.1,-29.9,20,1394,S,17,5.3,7.540603248,RU,CF,192.5,297.375,
Brazil,Cachoeirinha,-51.1,-29.9,20,1394,S,17,5.3,7.540603248,RU,CF,275,188.175,
Brazil,Cachoeirinha,-51.1,-29.9,20,1394,S,17,5.3,7.540603248,RU,CF,110,211.5,
Brazil,Cachoeirinha,-51.1,-29.9,20,1394,S,17,5.3,7.540603248,RU,CF,192.5,428.925,
Brazil,Cachoeirinha,-51.1,-29.9,20,1394,S,17,5.3,7.540603248,RU,CF,275,316.35,
China,Huanggang,115.5,29.91666667,16.8,1422,S,4,6.58,18.29,RU,IF,210,387.6,4.695
China,Huanggang,115.5,29.91666667,16.8,1422,S,4,6.58,18.29,RU,IF,210,494.7,5.34
China,Chongqing,106.3,29.8,18.3,1105,M,10,7.14,20.07,SR,CF,105,272.25,
China,Chongqing,106.3,29.8,18.3,1105,M,10,7.06,21.054,SR,CF,105,309.75,
China,Chongqing,106.3,29.8,18.3,1105,M,10,6.8,23.548,RU,CF,105,85.5,
China,Chongqing,106.3,29.8,18.3,1105,M,10,7.14,20.068,SR,CF,105,326.25,
China,Chongqing,106.3,29.8,18.3,1105,M,10,7.06,21.054,SR,CF,105,346.5,
China,Chongqing,106.3,29.8,18.3,1105,M,10,6.8,23.548,RU,CF,105,349.5,
China,Chongqing,106.3,29.8,18.3,1105,M,10,6.62,18.85,RU,CF,105,327,
China,Chongqing,106.3,29.8,18.3,1105,M,10,7.14,20.068,SR,CF,105,262.5,
China,Chongqing,106.3,29.8,18.3,1105,M,10,7.06,21.054,SR,CF,105,210.75,
China,Chongqing,106.3,29.8,18.3,1105,M,10,6.8,23.548,RU,CF,105,151.5,
China,Chongqing,106.3,29.8,18.3,1105,M,10,6.62,18.85,RU,CF,105,97.5,
China,Chongqing,106.3,29.8,18.3,1105,M,10,7.14,20.068,SR,CF,105,432.75,
China,Chongqing,106.3,29.8,18.3,1105,M,10,7.06,21.054,SR,CF,105,282,
China,Chongqing,106.3,29.8,18.3,1105,M,10,6.8,23.548,RU,CF,105,195,
China,Chongqing,106.3,29.8,18.3,1105,M,10,6.62,18.85,RU,CF,105,251.25,
China,Chongqing,106.3,29.8,18.3,1105,L,10,7.06,21.054,SR,CF,105,452.25,
China,Chongqing,106.3,29.8,18.3,1105,L,10,6.8,23.548,RU,CF,105,518.25,
China,Chongqing,106.3,29.8,18.3,1105,L,10,6.62,18.85,RU,CF,105,351.75,
China,Guangzhou,113.1,23.25,22.6,1700,S,,6.1,10.15,DR,CF,142,62.68445891,
China,Guangzhou,113.1,23.25,22.6,1700,S,,6.1,10.15,DR,CF,142,319.0655411,
China,Guangzhou,113.1,23.25,22.6,1700,S,,6.1,10.15,DR,IF,142,4.626909518,
China,Guangzhou,113.1,23.25,22.6,1700,S,,6.1,10.15,DR,IF,142,51.62309048,
China,Guangzhou,113.1,23.25,22.6,1700,S,,6.1,10.15,DR,IF,142,3.75,
China,Guangzhou,113.1,23.25,22.6,1700,S,,6.1,10.15,DR,IF,142,6.75,
China,Guangzhou,113.1,23.25,22.6,1700,S,,6.1,10.15,DR,CF,142,192.2636518,
China,Guangzhou,113.1,23.25,22.6,1700,S,,6.1,10.15,DR,CF,142,565.2363482,
China,Guangzhou,113.1,23.25,22.6,1700,S,,6.1,10.15,DR,IF,142,41.11507525,
China,Guangzhou,113.1,23.25,22.6,1700,S,,6.1,10.15,DR,IF,142,139.6349248,
China,Guangzhou,113.1,23.25,22.6,1700,S,,6.1,10.15,DR,IF,142,12,
China,Guangzhou,113.1,23.25,22.6,1700,S,,6.1,10.15,DR,IF,142,2.325,
China,Guangzhou,113.1,23.25,22.6,1700,S,,6.1,10.15,DR,IF,142,3,
China,Guangzhou,113.1,23.25,22.6,1700,S,,6.1,10.15,DR,IF,142,89,
China,Yingtan,113.1,28.2,17,1613,S,,5.49,12.12,DR,IF,121,130.0114512,
China,Yingtan,113.1,28.2,17,1613,S,,5.7,16.41,DR,IF,121,230.903805,
China,Yingtan,113.1,28.2,17,1613,S,,5.49,19.14,DR,IF,121,511.7233949,
China,Yingtan,113.1,28.2,17,1613,S,,5.49,12.12,DR,IF,121,207.1182447,
China,Yingtan,113.1,28.2,17,1613,S,,5.7,16.41,DR,IF,121,145.882519,
China,Yingtan,113.1,28.2,17,1613,S,,5.49,19.14,DR,IF,121,436.15488,
China,Nanjing,118.8,31.97,17,1613,S,27.2,7.99,10.73085847,SR,IF,100,38.25,
China,Nanjing,118.8,31.97,17,1613,S,27.2,7.99,10.73085847,SR,IF,300,27,
China,Nanjing,118.8,31.97,17,1613,S,27.2,7.99,10.73085847,SR,IF,100,62.25,
China,Nanjing,118.8,31.97,17,1613,S,27.2,7.99,10.73085847,SR,IF,300,57.75,
China,Suzhou,121.2,31.3,15.7,1094,S,,6.29,23.08584687,RU,IF,201,73.5,
China,Suzhou,121.2,31.3,15.7,1094,S,,6.29,23.08584687,RU,CF,201,143.25,
China,Zhenjiang,119.15,31.93,15,1000,S,,6.3,5.725058005,RU,IF,200,9.75,
China,Zhenjiang,119.15,31.93,15,1000,S,,6.3,5.725058005,RU,IF,200,21,
China,Nanjing,118.8333333,31.86666667,16,1000,S,51,6.7,17.5,RU,CF,277,63.75,5.25
China,Nanjing,118.8333333,31.86666667,16,1000,S,51,6.7,17.5,RU,CF,277,22.5,3
China,Nanjing,118.8333333,31.86666667,16,1000,S,51,6.7,17.5,RU,IF,333,29.25,3
China,Nanjing,118.8333333,31.86666667,16,1000,S,51,6.1,13.1,RU,IF,150,129.75,6.75
China,Nanjing,118.8333333,31.86666667,16,1000,S,51,6.1,13.1,RU,IF,300,54.75,0.75
China,Nanjing,118.8333333,31.86666667,16,1000,S,51,6.1,13.1,RU,IF,450,31.5,0.75
China,Nanjing,118.8333333,31.86666667,16,1000,S,,6.3,15.2,RU,IF,200,34.26,3.81
China,Nanjing,118.8333333,31.86666667,16,1000,S,,6.3,15.2,RU,IF,200,43.53,7.035
China,Zhenjiang,119.3,31.96666667,15,1000,S,,5.9,8.2,RU,IF,300,51.75,37.5
China,Zhenjiang,119.5333333,32.65,15,1000,S,14.2,6.91,11.9,RU,IF,300,32.5425,2.9175
China,Zhenjiang,119.3,31.96666667,15,1000,S,,6.9,6.5,RU,CF,300,76.608,
China,Zhenjiang,119.3,31.96666667,15,1000,S,,6.9,6.5,RU,CF,300,107.73,
China,Zhenjiang,119.3,31.96666667,15,1000,S,,6.9,6.5,SR,CF,300,232.218,
China,Zhenjiang,119.3,31.96666667,15,1000,S,,6.9,6.5,SR,CF,300,485.982,
China,Wuxi,120.4666667,31.61666667,16,1079,S,26,6.8,15,RU,IF,150,66,29.06888371
China,Wuxi,120.4666667,31.61666667,16,1079,S,26,6.8,15,RU,IF,250,56,49.1934955
China,Wuxi,120.4666667,31.61666667,16,1079,S,26,6.8,15,RU,IF,150,126,58.13776741
China,Wuxi,120.4666667,31.61666667,16,1079,S,26,6.8,15,RU,IF,250,113,31.30495168
China,Shenyang,123.3833333,41.53333333,7.5,700,S,16,6.3,9.4,SR,IF,150,57,8.660254038
China,Shenyang,123.3833333,41.53333333,7.5,700,S,16,6.3,9.4,SR,IF,250,47,3.464101615
China,Shenyang,123.3833333,41.53333333,7.5,700,S,16,6.3,9.4,SR,IF,150,18,1.732050808
China,Shenyang,123.3833333,41.53333333,7.5,700,S,16,6.3,9.4,SR,IF,250,31,12.12435565
China,Sanjiang,133.5166667,47.58333333,1.9,600,S,18,6.1,30.8,SR,IF,150,122,6.92820323
China,Sanjiang,133.5166667,47.58333333,1.9,600,S,18,6.1,30.8,SR,IF,250,120,20.78460969
China,Sanjiang,133.5166667,47.58333333,1.9,600,S,18,6.1,30.8,SR,IF,150,145,15.58845727
China,Sanjiang,133.5166667,47.58333333,1.9,600,S,18,6.1,30.8,SR,IF,250,137,20.78460969
China,Yanting,105.2,30.96666667,17.5,826,S,23,8,7.1,RU,CF,150,134,32.90896534
China,Yanting,105.2,30.96666667,17.5,826,S,23,8,7.1,RU,CF,250,180,112.5833025
China,Yanting,105.2,30.96666667,17.5,826,S,20,8.5,9.7,RU,CF,150,214,27.71281292
China,Yanting,105.2,30.96666667,17.5,826,S,20,8.5,9.7,RU,CF,250,166,76.21023553
China,Yanting,105.2,30.96666667,17.5,826,S,20,8.5,9.7,RU,IF,150,107,17.32050808
China,Yanting,105.2,30.96666667,17.5,826,S,20,8.5,9.7,RU,IF,250,79,19.05255888
China,Yanting,105.2,30.96666667,17.5,826,S,23,8,7.1,RU,IF,150,232,17.32050808
China,Yanting,105.2,30.96666667,17.5,826,S,23,8,7.1,RU,IF,250,320,81.40638796
China,Yancheng,120.1833333,33.45,15,1000,S,,8.3,12.5,RU,IF,225,1.899193548,0.45
China,Hangzhou,120.55,30.63333333,16.5,1450,S,,6.2,24.2,SR,CF,81.5,179.025,
China,Hangzhou,120.55,30.63333333,16.5,1450,S,,6.2,24.2,DR,CF,120,71.4,
China,Hangzhou,120.55,30.63333333,16.5,1450,S,,6.2,24.2,DR,CF,120,66.825,
China,Hangzhou,120.55,30.63333333,16.5,1450,S,,6.2,24.2,DR,CF,120,75.45,
China,Hangzhou,120.55,30.63333333,16.5,1450,S,,6.2,24.2,DR,CF,120,84.225,
China,Hangzhou,120.55,30.63333333,16.5,1450,S,,6.2,24.2,SR,CF,120,136.95,
China,Hangzhou,120.55,30.63333333,16.5,1450,S,,6.2,24.2,SR,CF,120,124.875,
China,Hangzhou,120.55,30.63333333,16.5,1450,S,,6.2,24.2,DR,CF,120,39.75,
China,Hangzhou,120.55,30.63333333,16.5,1450,S,,6.2,24.2,DR,CF,120,106.2,
China,Hangzhou,119.9333333,30.08333333,16.5,1450,S,,6.2,24.2,SR,CF,120,65.7,
China,Hangzhou,120.5,30.71666667,16.5,1450,M,,6.2,24.2,DR,CF,120,106.425,
China,Hangzhou,120.4063889,30.43527778,16.5,1450,M,,6.2,24.2,DR,CF,120,138.675,
China,Yangzhou,119.7,32.58333333,16,924,S,13.6,8,18.4,RU,IF,150,180.1,9.5
China,Yangzhou,119.7,32.58333333,16,924,S,13.6,8,18.4,RU,IF,250,206.6,54.2
China,Yangzhou,119.7,32.58333333,16,924,S,13.6,8,18.4,RU,IF,150,132.6,25.7
China,Yangzhou,119.7,32.58333333,16,924,S,13.6,8,18.4,RU,IF,250,72.3,24.3
China,Yangzhou,119.7,32.58333333,16,924,S,13.6,8,18.4,RU,IF,150,107.4,16.5
China,Yangzhou,119.7,32.58333333,16,924,S,13.6,8,18.4,RU,IF,250,74,8.1
China,Yangzhou,119.7,32.58333333,16,924,M,13.6,8,18.4,RU,IF,150,124.6,46.7
China,Yangzhou,119.7,32.58333333,16,924,M,13.6,8,18.4,RU,IF,250,94.59999998,39.3
China,Suihua,126.6333333,47.43333333,6,550,S,41,7,27.96,SR,CF,95.4,18.6,3.375
China,Suihua,126.6333333,47.43333333,6,550,S,41,7,27.96,SR,IF,95.4,12.6,5.7
China,Wuhan,114.3183,30.50269444,17,1256,S,,5.8,12.47,DR,CF,156,99.75,
China,Wuhan,114.3183,30.50269444,17,1256,S,,5.8,12.47,DR,CF,150,125.25,
China,Wuhan,114.3183,30.50269444,17,1256,S,,5.8,12.47,DR,IF,150,76.5,
China,Wuhan,114.3183,30.50269444,17,1256,S,,5.8,12.47,DR,CF,156,113.25,
China,Wuhan,114.3183,30.50269444,17,1256,S,,5.8,12.47,DR,CF,150,192,
China,Wuhan,114.3183,30.50269444,17,1256,S,,5.8,12.47,DR,IF,150,141.75,
China,Wuhan,114.3333333,30.5,17,1256,S,,6.8,6.9,RU,CF,121.5,279.825,
China,Wuhan,114.3333333,30.5,17,1256,S,,6.8,6.9,RU,IF,121.5,152.025,
China,Changsha,113.2,28.13833333,17.1,1500,S,,5.88,21.86774942,DR,IF,180,89.9775,16.0725
China,Changsha,113.2,28.13833333,17.1,1500,S,,5.88,21.86774942,DR,IF,67,87.4725,6.2775
China,Changsha,113.2,28.13833333,17.1,1500,S,,5.88,21.86774942,DR,IF,210,126.69,12.495
China,Changde,111.55,28.91666667,16.5,1447.9,L,,5.74,13.457,DR,IF,94.2,232.5675,
China,Changde,111.55,28.91666667,16.5,1447.9,L,,5.74,13.457,DR,IF,94.2,299.385,
China,Changde,111.55,28.91666667,16.5,1447.9,L,,5.74,13.457,DR,IF,94.2,392.445,
China,Zhenjiang,119.3,31.96666667,15,1000,S,,6.3,5.725,RU,IF,100,51.3,
China,Zhenjiang,119.3,31.96666667,15,1000,S,,6.3,5.725,RU,IF,200,44.325,
China,Zhenjiang,119.3,31.96666667,15,1000,S,,6.3,5.725,RU,IF,300,36.75,
China,Zhenjiang,119.3,31.96666667,15,1000,S,,6.3,5.725,RU,IF,200,60.525,
China,Zhenjiang,119.3,31.96666667,15,1000,S,,5.9,4.756,RU,IF,326,51.75,37.5
China,Zhenjiang,119.3,31.97,15,1000,S,,5.9,4.756,RU,CF,138,75.75,22.5
China,Hangzhou,119.9333333,30.08333333,16.5,1450,S,,6.2,14.061,DR,IF,60,138.6,
China,Suzhou,120.7,31.55,15.5,1038,M,,7.6,22.1578,SR,IF,240,54.375,4.125
China,Suzhou,120.7,31.55,15.5,1038,M,,7.6,22.1578,RU,IF,240,130.275,4.35
China,Nanjing,120.2166667,32.88333333,15,1061.2,S,,6.4,14.3852,RU,CF,280,79.1025,13.425
China,Nanjing,120.2166667,32.88333333,15,1061.2,S,,6.4,14.3852,RU,IF,280,15.21,2.6925
China,Nanjing,120.2166667,32.88333333,15,1061.2,S,,6.4,14.3852,RU,CF,280,105.6525,15.525
China,Nanjing,120.2166667,32.88333333,15,1061.2,S,,6.4,14.3852,RU,IF,280,19.305,2.7675
China,Yingtan,116.9166667,28.25,18,1752.1,M,,5.5,14.8255,DR,CF,225,58.35,26.7
China,Yingtan,116.9166667,28.25,18,1752.1,M,,5.5,14.8255,DR,IF,225,83.4,27.975
China,Hangzhou,120.5,30.71666667,16,1752.1,S,,5.86,24.1879,DR,IF,180,65.325,6.675
China,Fuzhou,119.0694444,26.22527778,20,1359,L,,4.9,12.529,SR,CF,103.5,112.725,
China,Guangzhou,113.3166667,23.13333333,22.6,1700,S,,6.6,15.667,DR,CF,225,152.8425,
China,Yingtan,116.6833333,28.06666667,17.6,1741,S,,5.59,20.0986,DR,IF,90,61.5375,11.025
China,Yingtan,116.6833333,28.06666667,17.6,1741,S,,5.59,20.0986,DR,IF,150,65.775,65.775
China,Yingtan,116.6833333,28.06666667,17.6,1741,S,,5.59,20.0986,DR,IF,225,76.0575,76.0575
China,Changsha,113.1833333,28.13333333,17.5,1350,S,,5.3,18.9675,DR,IF,150,169.03863,31.929519
China,Changsha,113.1833333,28.13333333,17.5,1350,S,,5.3,18.9675,DR,IF,180,27.374997,6.317307
China,Changsha,113.1833333,28.13333333,17.5,1350,S,,5.3,18.9675,DR,IF,150,95.538573,15.230787
China,Changsha,113.1833333,28.13333333,17.5,1350,S,,5.3,18.9675,DR,IF,180,50.153832,6.269229
China,Nanchang,116.1,28.34,17.5,1600,S,,4.9,20.1172,DR,CF,150,139.65,
China,Nanchang,116.1,28.34,17.5,1600,S,,4.9,20.1172,DR,IF,180,146.025,
China,Nanchang,116.1,28.34,17.5,1600,S,,4.9,20.1172,DR,IF,180,99.9,
China,Suzhou,120.4325,31.4625,15.7,1128,M,,6.12,19.366,RU,IF,225,72.8025,
China,Suzhou,120.4325,31.4625,15.7,1128,M,,6.12,19.366,RU,IF,225,91.605,
China,Suihua,125.7333333,45.6,3,550,S,,6.4,24.0139,SR,IF,100.5,235.935,
China,Suihua,125.7333333,45.6,3,550,S,,6.4,24.0139,SR,IF,100.5,185.3175,
China,Suihua,125.7333333,45.6,3,550,S,,6.4,24.0139,SR,CF,100.5,260.325,
China,Suihua,125.7333333,45.6,3,550,S,,6.4,24.0139,SR,CF,100.5,357.5475,
China,Changsha,113.2,28.13833333,17.1,1500,S,,6,19.3,SR,IF,270,151.545,19.275
China,Changsha,113.2,28.13833333,17.1,1500,S,,6,19.3,SR,IF,270,209.9025,2.64
China,Changsha,113.2,28.13833333,17.1,1500,S,,6,19.3,SR,IF,270,249.3525,10.3425
China,Suzhou,121.09,35.06,15.5,1097.1,S,,7.4,12.5928,RU,IF,272.97,56.7,
China,Changsha,113.8,28.3,17,1400,S,,6.7,21.7517,DR,CF,120,54.1725,
China,Changsha,113.8,28.3,17,1400,S,,6.7,21.7517,DR,CF,120,71.8275,
China,Changsha,113.8,28.3,17,1400,S,,6.7,21.7517,DR,CF,120,76.6875,
China,Changsha,113.8,28.3,17,1400,S,,6.7,21.7517,DR,CF,120,114.78,
China,Changsha,113.8,28.3,17,1400,S,,6.7,21.7517,DR,CF,120,52.05,
China,Changsha,113.8,28.3,17,1400,S,,6.7,21.7517,DR,CF,120,55.7925,
China,Changsha,113.8,28.3,17,1400,S,,6.7,21.7517,DR,CF,120,65.46,
China,Changsha,113.8,28.3,17,1400,S,,6.7,21.7517,DR,CF,120,57.3525,
China,Changsha,113.8,28.3,17,1400,S,,6.7,21.7517,DR,CF,120,72.51,
China,Changsha,113.8,28.3,17,1400,S,,6.7,21.7517,DR,CF,120,67.9275,
China,Changsha,113.8,28.3,17,1400,S,,6.7,21.7517,DR,CF,120,91.7475,
China,Changsha,113.8,28.3,17,1400,S,,6.7,21.7517,DR,CF,120,93.15,
China,Changsha,113.8,28.3,17,1400,S,,6.7,21.7517,DR,CF,120,69.45,
China,Changsha,113.8,28.3,17,1400,S,,6.7,21.7517,DR,CF,120,74.6175,
China,Changsha,113.8,28.3,17,1400,S,,6.7,21.7517,DR,CF,120,69.165,
China,Changsha,113.8,28.3,17,1400,S,,6.7,21.7517,DR,CF,120,77.52,
China,Changsha,113.8,28.3,17,1400,S,,6.7,21.7517,DR,CF,120,78.105,
China,Changsha,113.8,28.3,17,1400,S,,6.7,21.7517,DR,CF,152,320.7225,
China,Changsha,113.8,28.3,17,1400,S,,6.7,21.7517,DR,CF,152,677.25,
China,Changsha,113.8,28.3,17,1400,S,,6.7,21.7517,DR,CF,152,448.56,
China,Changsha,113.8,28.3,17,1400,S,,6.7,21.7517,DR,CF,152,254.85,
China,Changsha,113.8,28.3,17,1400,S,,6.7,21.7517,DR,CF,152,358.2225,
China,Changsha,113.8,28.3,17,1400,S,,6.7,21.7517,DR,CF,152,262.65,
China,Changsha,113.8,28.3,17,1400,S,,6.7,21.7517,DR,CF,152,529.2075,
China,Changsha,113.8,28.3,17,1400,S,,6.7,21.7517,DR,CF,152,267.585,
China,Changsha,113.8,28.3,17,1400,S,,6.7,21.7517,DR,CF,152,416.04,
China,Changsha,113.8,28.3,17,1400,S,,6.7,21.7517,DR,CF,152,245.3625,
China,Changsha,113.8,28.3,17,1400,S,,6.7,21.7517,DR,CF,152,381.8775,
China,Changsha,113.8,28.3,17,1400,S,,6.7,21.7517,DR,CF,152,587.9625,
China,Changsha,113.8,28.3,17,1400,S,,6.7,21.7517,DR,CF,152,371.6925,
China,Changsha,113.8,28.3,17,1400,S,,6.7,21.7517,DR,CF,152,449.4525,
China,Changsha,113.8,28.3,17,1400,S,,6.7,21.7517,DR,CF,152,508.575,
China,Changsha,113.8,28.3,17,1400,S,,6.7,21.7517,DR,CF,152,612.1725,
China,Changsha,113.8,28.3,17,1400,S,,6.7,21.7517,DR,CF,152,473.3175,
China,Changsha,113.8,28.3,17,1400,S,,6.7,21.7517,DR,CF,152,256.335,
China,Changsha,113.8,28.3,17,1400,S,,6.7,21.7517,DR,CF,152,255.2625,
China,Changsha,113.8,28.3,17,1400,S,,6.7,21.7517,DR,CF,152,425.22,
China,Chongqing,106.3,30.43,15,1399,L,,5.89,12.21,RU,IF,135,56.25,4.5
China,Guangzhou,113.41,23.39,22.5,1517,S,,5.2,17.4014,DR,CF,150,198.3,
China,Guangzhou,113.41,23.39,22.5,1517,S,,5.2,17.4014,DR,CF,90,196.05,
China,Guangzhou,113.41,23.39,22.5,1517,S,,5.2,17.4014,DR,CF,180,217.2,
China,Guangzhou,113.41,23.39,22.5,1517,S,,5.3,14.037,DR,CF,150,103.5,
China,Guangzhou,113.41,23.39,22.5,1517,S,,5.3,14.037,DR,CF,150,201,
China,Guangzhou,113.41,23.39,22.5,1517,S,,5.3,14.037,DR,CF,150,126,
China,Shanghai,121.9,31.69,15.3,1003.7,S,,7.2,16.21,RU,IF,300,505.6125,30.915
China,Suzhou,120.6833333,31.53333333,15.5,1042,S,,6.3,19.14,RU,IF,240,116.25,17.775
China,Shanghai,121.13,31.16,15.6,1178.2,S,,7.18,14.84883721,RU,CF,300,42.75,
China,Nanjing,120.2166667,32.88333333,15,1061.2,S,,,,RU,IF,240,103.5,13.5
China,Nanjing,120.2166667,32.88333333,15,1061.2,S,,,,RU,IF,240,129,19.5
China,Nanjing,120.2166667,32.88333333,15,1061.2,S,,,,RU,IF,240,81,7.5
China,Nanjing,120.2166667,32.88333333,15,1061.2,S,,,,RU,IF,240,93,12
China,Nanjing,120.2166667,32.88333333,15,1061.2,S,,,,RU,IF,240,88.5,10.5
China,Nanjing,120.2166667,32.88333333,15,1061.2,S,,,,RU,IF,240,100.5,18
China,Chaohu,117.6666667,31.65,16.8,1358.3,S,49,6.18,23.64,RU,CF,180,291.225,13.2
China,Chaohu,117.6666667,31.65,16.8,1358.3,S,49,6.18,23.64,RU,CF,225,303.825,18.6
China,Chaohu,117.7083278,31.66788889,16.8,1358.3,S,49,6.18,23.64,RU,CF,214,481.8825,15.9
China,Chaohu,117.7083278,31.66788889,16.8,1358.3,S,49,6.18,23.64,RU,CF,180,291.2325,13.2225
China,Chaohu,117.7083278,31.66788889,16.8,1358.3,S,49,6.18,23.64,RU,CF,180,327.93,71.5275
China,Chaohu,117.7083278,31.66788889,16.8,1358.3,M,49,6.18,23.64,RU,CF,180,337.6425,21.66
China,Yingtan,116.92,28.25,18,1752.1,M,,4.6,17.22,DR,IF,165,96.075,
China,Yingtan,116.92,28.25,18,1752.1,M,,4.6,17.22,DR,IF,165,60.45,
China,Yingtan,116.92,28.25,18,1752.1,M,,4.6,17.22,DR,IF,195,139.65,
China,Yingtan,116.92,28.25,18,1752.1,M,,4.6,17.22,DR,IF,195,104.175,
China,Yingtan,116.92,28.25,18,1752.1,M,,4.6,17.22,DR,IF,165,100.575,
China,Yingtan,116.92,28.25,18,1752.1,M,,4.6,17.22,DR,IF,165,56.55,
China,Yingtan,116.92,28.25,18,1752.1,M,,4.6,17.22,DR,IF,195,116.25,
China,Yingtan,116.92,28.25,18,1752.1,M,,4.6,17.22,DR,IF,195,81.075,
China,Suzhou,120.71,31.56,15.5,1038,M,,7.35,20.3,RU,IF,300,246.65,
China,Suzhou,120.71,31.56,15.5,1038,M,,7.35,20.3,RU,IF,225,198.5,
China,Suzhou,120.71,31.56,15.5,1038,M,,7.35,20.3,RU,IF,270,208.17,
China,Mianyang,105.47,31.27,15.8,847.6,S,,,,SR,CF,150,449.5,73.7
China,Mianyang,105.47,31.27,15.8,847.6,S,,,,SR,CF,150,509.8,41.1
China,Mianyang,105.47,31.27,15.8,847.6,S,,,,SR,CF,250,556.1,31.5
China,Mianyang,105.47,31.27,15.8,847.6,S,,,,SR,CF,150,567.5,77.2
China,Mianyang,105.47,31.27,15.8,847.6,S,,,,SR,CF,250,522.2,18.4
China,Jingzhou,112.15,32.35,16.7,927,S,19.7,7.8,26.88,DR,CF,165,67.05,1.95
China,Jingzhou,112.15,32.35,16.7,927,S,19.7,7.8,26.88,DR,CF,165,48.6,6.45
China,Jingzhou,112.15,32.35,16.7,927,S,19.7,7.8,26.88,DR,CF,180,66.375,8.55
China,Jingzhou,112.15,32.35,16.7,927,S,19.7,7.8,26.88,DR,CF,180,38.175,6.075
China,Jingzhou,112.15,32.35,17.8,1184,S,19.7,7.8,26.88,DR,CF,165,65.175,4.875
China,Jingzhou,112.15,32.35,17.8,1184,S,19.7,7.8,26.88,DR,CF,165,43.125,6.3
China,Jingzhou,112.15,32.35,17.8,1184,S,19.7,7.8,26.88,DR,CF,180,62.7,7.125
China,Jingzhou,112.15,32.35,17.8,1184,S,19.7,7.8,26.88,DR,CF,180,47.625,9.525
China,Suzhou,120.95,31.25,15.5,1097,S,,7.4,12.702,RU,IF,250,10.14,
China,Suzhou,120.95,31.25,15.5,1097,S,,7.4,12.702,RU,CF,250,54.045,
China,Suzhou,120.95,31.25,15.5,1097,S,,7.4,12.702,RU,IF,302.7,8.76,
China,Suzhou,120.95,31.25,15.5,1097,S,,7.4,12.702,RU,CF,302.7,49.6725,
China,Shenyang,123.4,41.83333333,8.3,500,S,,6.7,11,SR,CF,210,33.9375,4.35
China,Huanggang,115.55,29.85,17.8,1361,S,,4.79,16.89,RU,CF,180,371,
China,Huanggang,115.55,29.85,17.8,1361,S,,4.79,16.89,RU,CF,180,361,
China,Huanggang,115.55,29.85,17.8,1361,S,,4.79,16.89,RU,CF,180,450,
China,Huanggang,115.55,29.85,17.8,1361,S,,4.79,16.89,RU,CF,180,420,
China,Yichun,115.15,28.51666667,17.5,1650,S,,5.2,10.498,DR,IF,120,96,9
China,Yichun,115.15,28.51666667,17.5,1650,S,,5.2,10.498,DR,IF,120,42,32.25
China,Yichun,115.15,28.51666667,17.5,1650,S,,5.2,10.498,DR,IF,150,57,3
China,Yichun,115.15,28.51666667,17.5,1650,S,,5.2,10.498,DR,IF,150,60,6.75
China,Huanggang,115.5,29.92,16.8,1360.6,S,47,6.58,18.4,RU,CF,210,261,19.5
China,Huanggang,115.5,29.92,16.8,1360.6,S,47,6.58,18.89,RU,CF,210,34.05,3.3
China,Huanggang,115.5,29.92,16.8,1360.6,S,47,6.58,18.56,RU,CF,210,50.7,3
China,Huanggang,115.5,29.92,16.8,1360.6,M,47,6.58,18.85,RU,CF,210,56.7,7.65
China,Huanggang,115.5,29.92,16.8,1360.6,M,47,6.58,18.8,RU,CF,210,70.5,4.5
China,Changsha,113.3333333,28.61666667,17,1370,L,,6.6,20.03,DR,IF,150,202.5,22.5
China,Changsha,113.3333333,28.61666667,17,1370,L,,6.6,20.03,DR,IF,180,165,30
China,Changsha,113.2,28.13333333,17.1,1500,S,,5.48,12.72,DR,IF,150,105,30
China,Changsha,113.2,28.13333333,17.1,1500,S,,5.48,12.72,DR,IF,150,217.5,52.5
China,Changsha,113.2,28.13333333,17.1,1500,S,,5.48,12.72,DR,IF,180,52.5,15
China,Changsha,113.2,28.13333333,17.1,1500,S,,5.48,12.72,DR,IF,180,67.5,37.5
China,Changsha,113.3333333,28.61666667,17.5,1330,S,26.1,5.31,18.4,DR,IF,150,41.6,4.9
China,Changsha,113.3333333,28.61666667,17.5,1330,S,26.1,5.31,18.4,DR,CF,150,118.1,15
China,Nanjing,119.45,32.2,15.7,1243,S,,5.6,9.947,RU,CF,240,217.425,
China,Nanjing,119.45,32.2,15.7,1243,S,,5.6,9.947,RU,CF,240,14.625,
China,Nanjing,119.45,32.2,15.7,1243,S,,5.6,9.947,RU,CF,240,187.8,
China,Nanjing,119.45,32.2,15.7,1243,S,,5.6,9.947,RU,CF,240,12.675,
China,Changsha,112.3,28.11666667,17.2,1553,S,28.56,6.6,29.4,DR,IF,142.5,17.25,0.9
China,Changsha,112.3,28.11666667,17.2,1553,S,28.56,6.6,29.4,DR,IF,157.5,25.5,1.8
China,Changsha,112.3,28.11666667,17.2,1553,S,28.56,6.6,29.4,DR,IF,142.5,26.25,1.125
China,Changsha,112.3,28.11666667,17.2,1553,S,28.56,6.6,29.4,DR,IF,157.5,24,1.35
China,Changde,111.5,28.91666667,16.51,1448,S,32.1,5.6,17.81,DR,CF,81,98.55,4.275
China,Changde,111.5,28.91666667,16.51,1448,S,32.1,5.6,17.81,DR,CF,101,181.575,7.35
China,Changsha,112.3,28.11666667,16.8,1358.3,S,,6.11,25.94,DR,CF,165,213.1275,
China,Changsha,112.3,28.11666667,16.8,1358.3,S,,6.11,25.94,DR,CF,135,175.38,
China,Changsha,112.3,28.11666667,16.8,1358.3,S,,6.11,25.94,DR,CF,105,162.57,
China,Changsha,112.3,28.11666667,16.8,1358.3,S,,6.11,25.94,DR,CF,225,429.6225,
China,Changsha,112.3,28.11666667,16.8,1358.3,S,,6.11,25.94,DR,CF,180,300.825,
China,Changsha,112.3,28.11666667,16.8,1358.3,S,,6.11,25.94,DR,CF,135,257.2125,
China,Changsha,112.3,28.11666667,16.8,1358.3,S,,6.11,25.94,DR,CF,165,154.995,
China,Changsha,112.3,28.11666667,16.8,1358.3,S,,6.11,25.94,DR,CF,135,94.575,
China,Changsha,112.3,28.11666667,16.8,1358.3,S,,6.11,25.94,DR,CF,105,80.625,
China,Changsha,112.3,28.11666667,16.8,1358.3,S,,6.11,25.94,DR,CF,225,353.7,
China,Changsha,112.3,28.11666667,16.8,1358.3,S,,6.11,25.94,DR,CF,180,265.92,
China,Changsha,112.3,28.11666667,16.8,1358.3,S,,6.11,25.94,DR,CF,135,247.65,
China,Huanggang,115.5,29.85,17.8,1361,S,,5.18,24.07,RU,CF,180,192.675,16.95
China,Huanggang,115.5,29.85,17.8,1361,S,,5.18,24.07,RU,CF,180,227.4,15.975
China,Chengdu,103.6833333,30.45,16,1098.2,S,,6.85,33.582,RU,IF,93.3,19.5,0.975
China,Chengdu,103.6833333,30.45,16,1098.2,S,,6.85,33.582,RU,IF,93.3,8.625,0.7725
China,Songyuan,125.7333333,45.5,2.5,550,S,,6.05,28.768,SR,IF,180,41.025,
China,Songyuan,125.7333333,45.5,2.5,550,S,,6.05,28.768,SR,CF,180,48.45,
China,Jingzhou,113.75,30.08333333,17.2,1446,S,,7.84,18.25,SR,CF,165,72.85,10.03
China,Jingzhou,113.75,30.08333333,17.2,1446,S,,7.84,18.25,SR,CF,165,82.06,15.21
China,Hangzhou,120.2,30.43333333,17.8,1454,S,,5.87,35.5,SR,IF,75,95.99673913,
China,Hangzhou,120.2,30.43333333,17.8,1454,S,,5.87,35.5,SR,IF,150,85.18695652,
China,Hangzhou,120.2,30.43333333,17.8,1454,S,,5.87,35.5,SR,IF,225,73.20326087,
China,Hangzhou,120.2,30.43333333,17.8,1454,S,,5.87,35.5,SR,IF,300,47.40652174,
China,Hangzhou,120.2,30.43333333,17.8,1454,S,,5.87,35.5,SR,IF,375,75.68804348,
China,Hangzhou,120.2666667,30.21666667,17.8,1454,S,,5.57,12.16,SR,IF,75,85.44130435,
China,Hangzhou,120.2666667,30.21666667,17.8,1454,S,,5.57,12.16,SR,IF,150,85.14782609,
China,Hangzhou,120.2666667,30.21666667,17.8,1454,S,,5.57,12.16,SR,IF,225,87.65217391,
China,Hangzhou,120.2666667,30.21666667,17.8,1454,S,,5.57,12.16,SR,IF,300,61.87826087,
China,Hangzhou,120.2666667,30.21666667,17.8,1454,S,,5.57,12.16,SR,IF,375,69.72391304,
China,Yueyang,112.91,28.69,17,1450,S,,5.27,12.4361949,DR,CF,127.5,50.1,
China,Yueyang,112.91,28.69,17,1450,S,,5.27,12.4361949,DR,CF,150,59.625,
China,Jingmen,112.88,30.83,16.3,1085,S,,5.88,18.90951276,RU,CF,165,138,6.57
China,Jingmen,112.88,30.83,16.3,1085,S,,5.88,18.90951276,RU,CF,225,145.845,16.29
China,Suzhou,120.68,31.53,15,1000,S,20,7.62,13.4512761,RU,CF,240,81.82,31.05
China,Suzhou,120.68,31.53,15,1000,S,20,7.62,13.4512761,RU,CF,240,81.82,31.05
China,Changsha,113.33,28.55,17.5,1330,S,25.6,5.08,18.90951276,DR,CF,60,27.9375,1.245
China,Changsha,113.33,28.55,17.5,1330,S,25.6,5.08,18.90951276,DR,CF,120,25.77,11.55
China,Changsha,113.33,28.55,17.5,1330,S,25.6,5.08,18.79350348,DR,CF,75,86.8125,8.145
China,Changsha,113.33,28.55,17.5,1330,S,25.6,5.08,18.90951276,DR,CF,150,81.405,10.815
China,Nanjing,118.6,32.48,15.3,970,S,,6.4,7.018561485,RU,IF,300,19.50375,
China,Shanghai,121.12,31.15,16.3,1200,M,,7.87,11.9,RU,IF,300,22.65,2.5125
China,Shanghai,121.12,31.15,16.3,1200,M,,7.87,11.9,RU,IF,300,58.41,7.185
China,Nanjing,118.83,31.87,15.5,1037,S,,6.6,13.1,RU,CF,100,78.975,1.05
China,Nanjing,118.83,31.87,15.5,1037,S,,6.6,13.1,RU,CF,100,37.05,3.675
China,Nanjing,118.83,31.87,15.5,1037,S,,6.6,13.1,RU,IF,100,27.675,2.4
China,Changsha,113.2,28.14,17.1,1500,S,,6,19.31554524,DR,CF,270,153.9,
China,Changsha,113.2,28.14,17.1,1500,S,,6,19.31554524,DR,CF,270,187.8,
China,Jingmen,112.88,30.83,16.3,1085,S,,5.88,18.9,RU,CF,165,89.0775,
China,Jingmen,112.88,30.83,16.3,1085,S,,5.88,18.9,RU,CF,165,86.25,
India,Cuttack,85.92,20.42,27.6,1500,S,25.9,6.16,,DR,CF,120,112.23,3.855
China,Suzhou,120.92,31.53,15.5,1100,S,20,7.6,11.6,RU,IF,240,81.8,31.05
China,Suzhou,123.63,31.55,16.6,1178,S,31.9,6.91,24.1,RU,CF,180,118.35,35.925
India,New Delhi,77.2,28.67,26,750,S,,,,DR,IF,120,2.4,
India,New Delhi,77.2,28.67,26,750,S,,,,DR,IF,120,2.7,
China,Shanghai,121.13,31.2,16.7,1087.3,S,,7.18,14.81438515,RU,CF,300,43.005,6.135
China,Shanghai,121.13,31.2,16.7,1087.3,S,,7.18,14.81438515,RU,CF,300,60.6225,8.5275
China,Shuangyashan,133.51,47.58,1.8,582,S,,6.5,,SR,IF,150,56,14
China,Shuangyashan,133.51,47.58,1.8,582,S,,6.5,,SR,IF,150,135,10
China,Shuangyashan,133.51,47.58,1.8,582,S,,6.5,,SR,IF,150,155,10
China,Shuangyashan,133.51,47.58,1.8,582,S,,6.5,,SR,IF,150,156,7
China,Shenyang,123.35,42.08,7.4,786,S,,,15.48723898,SR,CF,270,46.30147059,
China,Shenyang,123.35,42.08,7.4,786,S,,,15.48723898,SR,CF,229.5,40.69852941,
China,Shenyang,123.35,42.08,7.4,786,S,,,15.48723898,SR,CF,189,44.88970588,
China,Shenyang,123.35,42.08,7.4,786,S,,,15.48723898,SR,CF,148.5,44.88970588,
China,Shenyang,123.35,42.08,7.4,786,S,,,15.48723898,SR,CF,108,43.5,
China,Shenyang,123.35,42.08,7.4,786,S,,,15.48723898,SR,CF,270,32.27205882,
China,Shenyang,123.35,42.08,7.4,786,S,,,15.48723898,SR,CF,229.5,33.66176471,
China,Shenyang,123.35,42.08,7.4,786,S,,,15.48723898,SR,CF,189,32.27205882,
China,Shenyang,123.35,42.08,7.4,786,S,,,15.48723898,SR,CF,148.5,36.48529412,
China,Shenyang,123.35,42.08,7.4,786,S,,,15.48723898,SR,CF,108,40.67647059,
China,Zhenjiang,119.58,31.98,16,1112,S,,,19.48955916,RU,CF,150,248.3382353,
China,Zhenjiang,119.58,31.98,16,1112,S,,,19.48955916,RU,CF,127.5,230.0955882,
China,Zhenjiang,119.58,31.98,16,1112,S,,,19.48955916,RU,CF,105,345.375,
China,Zhenjiang,119.58,31.98,16,1112,S,,,19.48955916,RU,CF,82.5,291.8382353,
China,Zhenjiang,119.58,31.98,16,1112,S,,,19.48955916,RU,CF,60,335.3161765,
China,Zhenjiang,119.58,31.98,16,1112,S,,,19.48955916,RU,CF,210,300.2426471,
China,Zhenjiang,119.58,31.98,16,1112,S,,,19.48955916,RU,CF,178.5,239.9117647,
China,Zhenjiang,119.58,31.98,16,1112,S,,,19.48955916,RU,CF,147,232.8970588,
China,Zhenjiang,119.58,31.98,16,1112,S,,,19.48955916,RU,CF,115.5,260.9558824,
China,Zhenjiang,119.58,31.98,16,1112,S,,,19.48955916,RU,CF,84,259.5661765,
China,Jinxian,116.43,28.62,18,2059,S,,,11.89095128,DR,CF,180,216.0661765,
China,Jinxian,116.43,28.62,18,2059,S,,,11.89095128,DR,CF,144,164.1617647,
China,Jinxian,116.43,28.62,18,2059,S,,,11.89095128,DR,CF,108,151.5220588,
China,Jinxian,116.43,28.62,18,2059,S,,,11.89095128,DR,CF,72,199.2352941,
China,Jinxian,116.43,28.62,18,2059,S,,,11.89095128,DR,CF,36,176.7794118,
China,Jinxian,116.43,28.62,18,2059,S,,,11.89095128,DR,CF,225,196.4117647,
China,Jinxian,116.43,28.62,18,2059,S,,,11.89095128,DR,CF,180,209.0514706,
China,Jinxian,116.43,28.62,18,2059,S,,,11.89095128,DR,CF,135,196.4117647,
China,Jinxian,116.43,28.62,18,2059,S,,,11.89095128,DR,CF,90,223.0808824,
China,Jinxian,116.43,28.62,18,2059,S,,,11.89095128,DR,CF,45,196.4338235,
China,Beijing,116.23,40.22,11.8,577,S,,7.99,9.95,SR,CF,150,19.5,
China,Beijing,116.23,40.22,11.8,577,S,,7.99,9.95,SR,CF,120,16.5,
China,Beijing,116.23,40.22,11.8,577,S,,7.99,9.95,SR,CF,120,36.75,
China,Beijing,116.23,40.22,11.8,577,S,,7.99,9.95,SR,CF,120,33,
China,Beijing,116.23,40.22,11.8,577,S,,7.99,9.95,SR,CF,120,24,
China,Beijing,116.23,40.22,11.8,577,S,,7.99,9.95,SR,CF,120,4.5,
China,Nanjing,118.8,31.86,25,650,S,,6.6,13.1,RU,CF,100,95.025,18.525
China,Nanjing,118.8,31.86,25,650,S,,6.6,13.1,RU,CF,100,45.75,2.925
China,Nanjing,118.8,31.86,25,650,S,,6.6,13.1,RU,IF,100,37.425,5.475
China,Nanjing,118.83,31.87,15.7,1050,S,49,6.7,17.5,RU,IF,333,29.265,
China,Suzhou,120.68,31.53,15.5,1042,S,,6.3,19.14153132,RU,IF,240,131.52,10.65
China,Suzhou,120.68,31.53,15.5,1042,S,,6.3,19.14153132,RU,IF,240,152.28,15.2325
China,Suzhou,120.68,31.53,15.5,1042,S,,6.3,19.14153132,RU,IF,240,87.915,7.05
China,Suzhou,120.68,31.53,15.5,1042,S,,6.3,19.14153132,RU,IF,240,97.2,9.03
China,Suzhou,120.68,31.53,15.5,1042,S,,6.3,19.14153132,RU,IF,240,112.695,4.395
China,Suzhou,120.68,31.53,15.5,1042,S,,6.3,19.14153132,RU,IF,240,115.575,9.21
China,Huanggang,115.5,29.92,17.8,1361,S,,6.58,18.27146172,RU,CF,210,422.85,
China,Huanggang,115.5,29.92,17.8,1361,S,,6.58,18.27146172,RU,CF,210,470.175,
China,Wuxi,119.9,31.28,16,1150,S,,6.23,12.6,RU,IF,270,37.5,23.25
China,Wuxi,119.9,31.28,16,1150,S,,6.23,12.6,RU,IF,270,59.25,18.75
China,Zhenjiang,119.3,31.97,15,1000,S,,5.9,8.2,RU,IF,300,51.75,37.5
China,Suzhou,120.68,31.53,15.6,878,S,,6.4,19.72157773,RU,IF,240,115.3125,9.165
China,Suzhou,120.68,31.53,15.6,878,S,,6.4,19.72157773,RU,IF,240,131.52,10.65
China,Yancheng,120.18,33.45,13.6,939,S,,,8.3,RU,CF,225,34.758,
China,Wuhan,114.36,30.5,17,1256,S,,6.98,9.721577726,RU,CF,225,140.1,
China,Wuhan,114.36,30.5,17,1256,S,,6.98,9.721577726,RU,CF,225,148.65,
China,Zhenjiang,119.3,31.97,15.1,1018.6,S,,6.9,6.496519722,RU,CF,300,485.505,
China,Zhenjiang,119.3,31.97,15.1,1018.6,S,,6.9,6.496519722,SR,CF,300,231.7425,
China,Zhenjiang,119.3,31.97,15.1,1018.6,S,,6.9,6.496519722,SR,CF,300,77.325,
China,Yangzhou,119.7,32.58,15.9,924,S,13.6,8,10.67285383,RU,IF,150,118.1,6
China,Yangzhou,119.7,32.58,15.9,924,S,13.6,8,10.67285383,RU,IF,250,72.3,24.3
China,Yangzhou,119.7,32.58,15.9,924,S,13.6,8,10.67285383,RU,IF,150,98.7,16.1
China,Yangzhou,119.7,32.58,15.9,924,S,13.6,8,10.67285383,RU,IF,250,74,8
China,Yangzhou,119.7,32.58,15.9,924,S,13.6,8,10.67285383,RU,IF,150,124.6,35
China,Yangzhou,119.7,32.58,15.9,924,S,13.6,8,10.67285383,RU,IF,250,75.5,23.6
China,Zhenjiang,119.53,32.65,15,1000,S,14.2,6.91,11.9,RU,IF,225,33,
China,Zhenjiang,119.53,32.65,15,1000,S,14.2,6.91,11.9,RU,IF,225,39.375,
China,Zhenjiang,119.53,32.65,15,1000,S,14.2,6.91,11.9,RU,IF,225,48.075,
China,Zhenjiang,119.53,32.65,15,1000,S,14.2,6.91,11.9,RU,IF,225,33.675,
China,Nanjing,118.83,31.87,15.7,1050,S,14.3,5.7,14.7,RU,CF,220,100.5,26.25
China,Nanjing,118.83,31.87,15.7,1050,S,14.3,5.7,14.7,RU,CF,220,207.75,25.5
China,Nanjing,118.83,31.87,15.7,1050,S,14.3,5.7,14.7,RU,CF,220,47.25,1.5
China,Suzhou,120.71,31.56,15.6,878,S,,7.35,20.3,RU,IF,300,135.78,23.01
China,Suzhou,120.71,31.56,15.6,878,S,,7.35,20.3,RU,IF,225,128.93,27.25
China,Suzhou,120.71,31.56,15.6,878,S,,7.35,20.3,RU,IF,270,132.32,37.29
China,Suzhou,120.71,31.56,15.6,878,S,,7.35,20.3,RU,IF,300,246.65,59.41
China,Suzhou,120.71,31.56,15.6,878,S,,7.35,20.3,RU,IF,225,198.5,44.24
China,Suzhou,120.71,31.56,15.6,878,S,,7.35,20.3,RU,IF,270,208.17,69.91
China,Yangzhou,119.7,32.58,15.9,924,S,,8,18.4,RU,IF,250,162.1,48.9
China,Zhenjiang,119.47,31.91,15,1000,S,,,,RU,IF,300,214.8,
China,Zhenjiang,119.47,31.91,15,1000,S,,,,RU,IF,300,251.4,
China,Zhenjiang,119.47,31.91,15,1000,S,,,,RU,IF,300,320.6,
China,Zhenjiang,119.47,31.91,15,1000,S,,,,RU,IF,300,560.6,
China,Suzhou,120.72,31.55,16.6,1178,M,50,7.9,11.3,SR,IF,180,61.1,8.2
China,Suzhou,120.71,31.56,15.6,878,S,14,7.35,20.30162413,RU,IF,300,266,25.3
China,Suzhou,120.71,31.56,15.6,878,S,14,7.35,20.30162413,RU,IF,225,212,30.3
China,Suzhou,120.71,31.56,15.6,878,S,14,7.35,20.30162413,RU,IF,270,220,32.5
China,Suzhou,120.71,31.56,15.2,1163,M,14,7.35,20.30162413,RU,IF,300,239,34.5
China,Suzhou,120.71,31.56,15.2,1163,M,14,7.35,20.30162413,RU,IF,225,226,30.4
China,Suzhou,120.71,31.56,15.2,1163,M,14,7.35,20.30162413,RU,IF,270,228,32.6
China,Suzhou,120.71,31.56,15.8,984,M,14,7.35,20.30162413,RU,IF,300,141,25.2
China,Suzhou,120.71,31.56,15.8,984,M,14,7.35,20.30162413,RU,IF,225,135,15.7
China,Suzhou,120.71,31.56,15.8,984,M,14,7.35,20.30162413,RU,IF,270,129,32.2
China,Zhenjiang,119.27,32.58,15,1000,S,14,6.91,12,RU,CF,150,33,
China,Zhenjiang,119.27,32.58,15,1000,S,14,6.91,12,RU,CF,150,39.375,
China,Zhenjiang,119.27,32.58,15,1000,S,14,6.91,12,RU,CF,150,30.075,
China,Zhenjiang,119.27,32.58,15,1000,S,14,6.91,12,RU,CF,150,31.05,
China,Zhenjiang,119.27,32.58,15,1000,S,14,6.91,12,RU,CF,150,20.1,
China,Nanjing,118.83,31.87,16.5,1080,S,54,6.7,14.8,RU,IF,250,24.375,6.15
China,Nanjing,118.83,31.87,16.5,1080,S,54,6.7,14.8,RU,IF,250,13.8,2.55
China,Yancheng,120.53,34.33,13.6,939,S,69,7.9,9.976798144,RU,IF,300,19.788,3.972
China,Yancheng,120.53,34.33,13.6,939,S,69,7.9,9.976798144,RU,IF,300,192.024,32.043
China,Yancheng,120.53,34.33,13.6,939,S,69,7.9,9.976798144,RU,IF,300,241.32,49.734
China,Yancheng,120.53,34.33,13.6,939,S,69,7.9,9.976798144,RU,IF,300,16.461,3.048
China,Yancheng,120.53,34.33,13.6,939,S,69,7.9,9.976798144,RU,IF,300,81.885,1.728
China,Yancheng,120.53,34.33,13.6,939,S,69,7.9,9.976798144,RU,IF,300,342.591,13.575
China,Wuxi,120.42,31.45,15.7,1094,M,,6.5,19.5,RU,IF,225,100.62,
China,Wuxi,120.42,31.45,15.7,1094,M,,6.5,19.5,RU,IF,225,137.76,
China,Wuxi,120.42,31.45,15.7,1094,M,,6.5,19.5,RU,IF,225,63.99,
China,Wuxi,120.42,31.45,15.7,1094,M,,6.5,19.5,RU,IF,225,112.44,
China,Zhenjiang,119.3,31.97,15.1,1018.6,S,14.2,6.9,11.5,RU,IF,240,19.5,3
China,Zhenjiang,119.3,31.97,15.1,1018.6,S,14.2,6.9,11.5,RU,IF,240,17.25,3
China,Zhenjiang,119.3,31.97,15.1,1018.6,S,14.2,6.9,11.5,RU,IF,240,18.75,1.5
China,Nanjing,118.83,31.87,15.7,1050,S,,5.7,14.6,RU,CF,200,85.5,17.85
China,Nanjing,118.83,31.87,15.7,1050,S,,5.7,14.6,DR,CF,200,43.35,9.375
China,Nanjing,118.83,31.87,15.7,1050,S,,5.7,14.6,DR,CF,200,97.5,19.2
China,Nanjing,118.83,31.87,15.7,1050,S,,5.7,14.6,RU,CF,200,81,8.475
China,Nanjing,118.83,31.87,15.7,1050,S,,5.7,14.6,DR,CF,200,7.875,4.7025
China,Nanjing,118.83,31.87,15.7,1050,S,,5.7,14.6,DR,CF,200,123.75,43.5
China,Nanjing,118.83,31.87,15.7,1050,S,,5.7,14.6,RU,CF,200,62.925,13.125
China,Nanjing,118.83,31.87,15.7,1050,S,,5.7,14.6,DR,CF,200,63.075,11.85
China,Nanjing,118.83,31.87,15.7,1050,S,,5.7,14.6,DR,CF,200,75,3.12
China,Huanggang,115.55,29.85,17.8,1361,S,12,5.9,13.34,DR,CF,140,228,
China,Huanggang,115.55,29.85,17.8,1361,S,12,5.9,13.34,DR,CF,140,313.5,
China,Huanggang,115.55,29.85,17.8,1361,S,12,5.9,13.34,DR,CF,140,477.75,
China,Huanggang,115.55,29.85,17.8,1361,S,12,5.9,13.34,DR,CF,140,560.25,
China,Huanggang,115.55,29.85,17.8,1361,S,12,5.9,13.34,DR,CF,140,141.75,
China,Huanggang,115.55,29.85,17.8,1361,S,12,5.9,13.34,DR,CF,140,207,
China,Huanggang,115.55,29.85,17.8,1361,S,12,5.9,13.34,DR,CF,140,248.25,
China,Huanggang,115.55,29.85,17.8,1361,S,12,5.9,13.34,DR,CF,140,339.75,
China,Huanggang,115.55,29.85,17.8,1361,S,12,5.9,13.34,DR,CF,140,291.75,
China,Huanggang,115.55,29.85,17.8,1361,S,12,5.9,13.34,DR,CF,140,552,
China,Changsha,113.2,28.14,17.1,1316,S,,5.88,21.86774942,DR,IF,150,57.615,
China,Changsha,113.2,28.14,17.1,1316,S,,5.88,21.86774942,DR,IF,105,68.3025,
China,Changsha,113.2,28.14,17.1,1316,S,,5.88,21.86774942,DR,IF,52.5,59.2875,
China,Changsha,113.2,28.14,17.1,1316,S,,5.88,21.86774942,DR,IF,178,58.65,
China,Changsha,113.2,28.14,17.1,1316,S,,5.88,21.86774942,DR,IF,180,142.8675,
China,Changsha,113.2,28.14,17.1,1316,S,,5.88,21.86774942,DR,IF,135,127.6125,
China,Changsha,113.2,28.14,17.1,1316,S,,5.88,21.86774942,DR,IF,67.5,172.02,
China,Changsha,113.2,28.14,17.1,1316,S,,5.88,21.86774942,DR,IF,210,122.4,
China,Changsha,113.2,28.14,17.1,1316,S,,5.2,10.73085847,DR,IF,165,37.7025,
China,Changsha,113.2,28.14,17.1,1316,S,,5.2,10.73085847,DR,IF,180,106.0425,
China,Changde,110.5,28.92,16.5,1448,L,,5.15,19.31554524,DR,CF,81.3,16.125,2.4
China,Changde,110.5,28.92,16.5,1448,L,,5.13,18.50348028,DR,CF,81.3,15.75,7.725
China,Changde,110.5,28.92,16.5,1448,L,,4.9,20.12761021,DR,CF,81.3,20.925,4.05
China,Changde,110.5,28.92,16.5,1448,L,,5.15,19.31554524,DR,CF,101.7,35.775,17.775
China,Changde,110.5,28.92,16.5,1448,L,,5.13,18.50348028,DR,CF,101.7,39.3,13.35
China,Changde,110.5,28.92,16.5,1448,L,,4.9,20.12761021,DR,CF,101.7,41.175,12.375
China,Changde,110.5,28.92,16.5,1448,L,37.9,5.3,19.7,DR,CF,81.3,160.125,24.075
China,Changde,110.5,28.92,16.5,1448,L,37.9,5.3,18.3,DR,CF,81.3,157.65,77.775
China,Changde,110.5,28.92,16.5,1448,L,39.2,5.1,20.2,DR,CF,81.3,209.4,40.725
China,Changde,110.5,28.92,16.5,1448,L,37.9,5.3,19.7,DR,CF,101.7,358.725,176.925
China,Changde,110.5,28.92,16.5,1448,L,37.9,5.3,18.3,DR,CF,101.7,393.525,133.275
China,Changde,110.5,28.92,16.5,1448,L,39.2,5.1,20.2,DR,CF,101.7,411.825,123.75
China,Changde,110.5,28.92,16.5,1448,L,37.9,5.3,19.7,DR,CF,81.3,112.35,39.675
China,Changde,110.5,28.92,16.5,1448,L,37.9,5.3,18.3,DR,CF,81.3,114.45,24.45
China,Changde,110.5,28.92,16.5,1448,L,39.2,5.1,20.2,DR,CF,81.3,141.375,32.475
China,Changde,110.5,28.92,16.5,1448,L,37.9,5.3,19.7,DR,CF,101.7,371.025,106.95
China,Changde,110.5,28.92,16.5,1448,L,37.9,5.3,18.3,DR,CF,101.7,324.675,109.575
China,Changde,110.5,28.92,16.5,1448,L,39.2,5.1,20.2,DR,CF,101.7,400.425,137.55
China,Changde,110.5,28.92,16.5,1448,L,37.9,5.3,19.7,DR,CF,81.3,157.875,29.55
China,Changde,110.5,28.92,16.5,1448,L,37.9,5.3,18.3,DR,CF,81.3,159.975,49.575
China,Changde,110.5,28.92,16.5,1448,L,39.2,5.1,20.2,DR,CF,81.3,220.05,53.4
China,Changde,110.5,28.92,16.5,1448,L,37.9,5.3,19.7,DR,CF,101.7,375,123.15
China,Changde,110.5,28.92,16.5,1448,L,37.9,5.3,18.3,DR,CF,101.7,307.275,131.25
China,Changde,110.5,28.92,16.5,1448,L,39.2,5.1,20.2,DR,CF,101.7,401.4,53.1
China,Changsha,113.2,28.14,17.1,1500,S,,5.4,19.66357309,DR,IF,217.16,7.86,0.389711432
China,Changsha,113.3,28.55,17.5,1330,S,26.1,5.31,18.4,DR,IF,150,43.7,6.9
China,Changsha,113.3,28.55,17.5,1330,S,27.2,5.08,18.9,DR,IF,120,26.2,12.2
China,Changsha,113.6,28.15,17.2,1361,S,,6.3,18.4,DR,IF,150,159.675,4.425
China,Changsha,113.6,28.15,17.2,1361,S,,6.3,18.4,DR,IF,120,158.925,21.6
China,Changsha,113.6,28.15,17.2,1361,S,,6.3,18.4,DR,IF,165,143.1,28.2
China,Changsha,113.6,28.15,17.2,1361,S,,6.3,18.4,DR,IF,135,151.8,72.9
China,Changsha,113.6,28.15,17.2,1361,S,,6.3,18.4,DR,IF,167.7,211.2,135.6
China,Changsha,113.6,28.15,17.2,1361,S,,6.3,18.4,DR,IF,195,200.175,113.475
China,Changsha,113.6,28.15,17.2,1361,M,,6.3,18.4,DR,IF,150,108.225,14.625
China,Changsha,113.6,28.15,17.2,1361,M,,6.3,18.4,DR,IF,120,103.575,37.125
China,Changsha,113.6,28.15,17.2,1361,M,,6.3,18.4,DR,IF,165,177.375,29.1
China,Changsha,113.6,28.15,17.2,1361,M,,6.3,18.4,DR,IF,135,176.925,50.25
China,Changsha,113.6,28.15,17.2,1361,M,,6.3,18.4,DR,IF,167.7,247.65,23.1
China,Changsha,113.6,28.15,17.2,1361,M,,6.3,18.4,DR,IF,195,257.4,34.275
China,Changsha,113.6,28.15,17.2,1361,M,,6.3,18.4,DR,IF,150,199.35,46.65
China,Changsha,113.6,28.15,17.2,1361,M,,6.3,18.4,DR,IF,120,227.1,47.925
China,Changsha,113.6,28.15,17.2,1361,M,,6.3,18.4,DR,IF,165,270.225,33
China,Changsha,113.6,28.15,17.2,1361,M,,6.3,18.4,DR,IF,135,279,36.075
China,Changsha,113.6,28.15,17.2,1361,M,,6.3,18.4,DR,IF,167.7,282.225,52.8
China,Changsha,113.6,28.15,17.2,1361,M,,6.3,18.4,DR,IF,195,295.95,47.7
China,Yingtan,116.9,28.28,17.6,1789,S,,4.74,17,DR,CF,180,148.5,5.25
China,Yingtan,116.9,28.28,17.6,1789,S,,4.74,17,DR,IF,180,87.75,6.75
China,Yingtan,116.9,28.28,17.6,1789,S,,4.74,17,DR,IF,180,72.75,8.25
China,Yingtan,116.9,28.28,17.6,1789,S,,4.74,17,DR,CF,180,141.75,6.75
China,Yingtan,116.9,28.28,17.6,1789,S,,4.74,17,DR,IF,180,89.25,9
China,Yingtan,116.9,28.28,17.6,1789,S,,4.74,17,DR,IF,180,78,3
China,Yingtan,116.9,28.28,17.6,1789,S,,4.74,17,DR,CF,180,81,8.25
China,Yingtan,116.9,28.28,17.6,1789,S,,4.74,17,DR,IF,180,203.25,6.75
China,Yingtan,116.9,28.28,17.6,1789,S,,4.74,17,DR,IF,180,87.75,9
China,Yingtan,116.9,28.28,17.6,1789,S,,4.74,17,DR,IF,180,96.75,11.25
China,Yingtan,116.9,28.28,17.6,1789,S,,4.74,17,DR,CF,180,128.25,9
China,Yingtan,116.9,28.28,17.6,1789,S,,4.74,17,DR,IF,180,54,8.25
China,Yingtan,116.9,28.28,17.6,1789,S,,4.74,17,DR,IF,180,64.5,3
China,Yingtan,116.9,28.28,17.6,1789,S,,4.74,17,DR,IF,180,59.25,8.25
China,Yingtan,116.9,28.28,18,1800,S,,4.74,17,DR,IF,180,45.975,9.375
China,Yingtan,116.9,28.28,18,1800,S,,4.74,17,DR,IF,180,60.45,1.8
China,Yingtan,116.9,28.28,18,1800,S,,4.74,17,DR,IF,180,52.95,4.575
China,Yingtan,116.9,28.28,18,1800,S,,4.74,17,DR,IF,180,63.675,10.725
China,Yingtan,116.9,28.28,18,1800,S,,4.74,17,DR,IF,180,48,9.375
China,Yingtan,116.9,28.28,18,1800,S,,4.74,17,DR,IF,180,67.95,6.15
China,Yingtan,116.9,28.28,18,1800,S,,4.74,17,DR,IF,180,51.075,8.85
China,Yingtan,116.9,28.28,18,1800,S,,4.74,17,DR,IF,180,80.325,7.425
China,Yingtan,116.9,28.28,18,1800,S,,4.74,17,DR,IF,180,59.775,11.4
China,Yingtan,116.9,28.28,18,1800,S,,4.74,17,DR,IF,180,75.825,11.1
China,Yingtan,116.9,28.28,18,1800,S,,4.74,17,DR,IF,180,60.45,7.2
China,Yingtan,116.9,28.28,18,1800,S,,4.74,17,DR,IF,180,81.525,4.35
China,Yingtan,116.9,28.28,18,1800,M,,4.74,17,DR,IF,180,51.075,5.25
China,Yingtan,116.9,28.28,18,1800,M,,4.74,17,DR,IF,180,57.15,3.75
China,Yingtan,116.9,28.28,18,1800,M,,4.74,17,DR,IF,180,66.3,4.725
China,Yingtan,116.9,28.28,18,1800,M,,4.74,17,DR,IF,180,89.775,8.1
China,Guangzhou,113.3,23.13,22.6,1700,S,,6,23.97911833,DR,IF,150,47.25,
China,Guangzhou,113.3,23.13,22.6,1700,S,,6,23.97911833,DR,IF,150,47.625,
China,Guangzhou,113.3,23.13,22.6,1700,S,,6,23.97911833,DR,CF,150,115.125,
China,Guangzhou,113.3,23.13,22.6,1700,S,,6,23.97911833,DR,IF,180,54.675,
China,Guangzhou,113.3,23.13,22.6,1700,S,,6,23.97911833,DR,IF,180,39.225,
China,Guangzhou,113.3,23.13,22.6,1700,S,,6,23.97911833,DR,CF,180,174.075,
China,Guangzhou,113.3,23.13,22.6,1700,S,,6,23.97911833,DR,IF,180,100.725,
China,Guangzhou,113.3,23.13,22.6,1700,S,,6,23.97911833,DR,IF,180,83.025,
China,Guangzhou,113.3,23.13,22.6,1700,S,,6,23.97911833,DR,IF,180,30.375,
China,Guangzhou,113.3,23.13,22.6,1700,S,,6,23.97911833,DR,CF,180,193.35,
China,Guangzhou,113.3,23.13,22.6,1700,S,,6,23.97911833,DR,IF,180,132.6,
China,Huizhou,114.34,23.06,22,1800,S,16,7,17.98143852,DR,IF,217,68.85,
China,Huizhou,114.34,23.06,22,1800,S,16,7,17.98143852,DR,IF,217,45.6,
China,Huizhou,114.34,23.06,22,1800,S,16,7,17.98143852,DR,IF,217,64.575,
China,Huizhou,114.34,23.06,22,1800,S,16,7,17.98143852,DR,IF,217,52.5,
China,Huizhou,114.34,23.06,22,1800,S,16,7,17.98143852,DR,IF,217,71.475,
China,Huizhou,114.34,23.06,22,1800,S,16,7,17.98143852,DR,IF,217,78,
China,Huizhou,114.34,23.06,22,1800,S,16,7,17.98143852,DR,IF,217,94.5,
China,Huizhou,114.34,23.06,22,1800,S,16,7,17.98143852,DR,IF,217,81,
China,Huizhou,114.34,23.06,22,1800,S,16,7,17.98143852,DR,IF,217,71.475,
China,Huizhou,114.34,23.06,22,1800,S,16,7,17.98143852,DR,IF,296,147.15,
China,Huizhou,114.34,23.06,22,1800,S,16,7,17.98143852,DR,IF,296,193.65,
China,Huizhou,114.34,23.06,22,1800,S,16,7,17.98143852,DR,IF,296,110.925,
China,Huizhou,114.34,23.06,22,1800,S,16,7,17.98143852,DR,IF,296,132,
China,Huizhou,114.34,23.06,22,1800,S,16,7,17.98143852,DR,IF,296,187.275,
China,Huizhou,114.34,23.06,22,1800,S,16,7,17.98143852,DR,IF,296,136.5,
China,Huizhou,114.34,23.06,22,1800,S,16,7,17.98143852,DR,IF,296,131.25,
China,Huizhou,114.34,23.06,22,1800,S,16,7,17.98143852,DR,IF,296,263.25,
China,Huizhou,114.34,23.06,22,1800,S,16,7,17.98143852,DR,IF,296,137.775,
China,Huizhou,114.34,23.06,22,1800,S,16,7,17.98143852,DR,IF,296,123,
China,Huizhou,114.34,23.06,22,1800,S,16,7,17.98143852,DR,IF,296,98.25,
China,Huizhou,114.34,23.06,22,1800,S,16,7,17.98143852,DR,IF,296,40.5,
China,Huizhou,114.34,23.06,22,1800,S,16,7,17.98143852,DR,IF,296,126,
China,Huizhou,114.34,23.06,22,1800,S,16,7,17.98143852,DR,IF,296,113.25,
China,Huizhou,114.34,23.06,22,1800,S,16,7,17.98143852,DR,IF,296,116.25,
China,Huizhou,114.34,23.06,22,1800,S,16,7,17.98143852,DR,IF,296,63.75,
China,Huizhou,114.34,23.06,22,1800,S,16,7,17.98143852,DR,IF,296,110.25,
China,Huizhou,114.34,23.06,22,1800,S,16,7,17.98143852,DR,IF,296,85.5,
China,Huizhou,114.34,23.06,22,1800,S,16,7,17.98143852,DR,IF,296,105,
China,Huizhou,114.34,23.06,22,1800,S,16,7,17.98143852,DR,IF,296,99,
China,Huizhou,114.34,23.06,22,1800,S,16,7,17.98143852,DR,IF,296,76.5,
China,Huizhou,114.34,23.06,22,1800,S,16,7,17.98143852,DR,IF,296,118.5,
China,Huizhou,114.34,23.06,22,1800,S,16,7,17.98143852,DR,IF,296,117,
China,Huizhou,114.34,23.06,22,1800,S,16,7,17.98143852,DR,IF,296,107.25,
China,Huizhou,114.34,23.06,22,1800,S,16,7,17.98143852,DR,IF,296,81,
China,Huizhou,114.34,23.06,22,1800,S,16,7,17.98143852,DR,IF,296,118.5,
China,Huizhou,114.34,23.06,22,1800,S,16,7,17.98143852,DR,IF,296,75.75,
China,Jiaxing,120.67,30.83,15.7,1200,S,51.7,6.9,18.2,RU,CF,90,11.25,
China,Jiaxing,120.67,30.83,15.7,1200,S,51.7,6.9,18.2,RU,CF,180,8.85,
China,Jiaxing,120.67,30.83,15.7,1200,S,51.7,6.9,18.2,RU,CF,270,8.775,
China,Jiaxing,120.67,30.83,15.7,1200,S,51.7,6.9,18.2,RU,CF,90,24.9,
China,Jiaxing,120.67,30.83,15.7,1200,S,51.7,6.9,18.2,RU,CF,180,21.075,
China,Jiaxing,120.67,30.83,15.7,1200,S,51.7,6.9,18.2,RU,CF,270,21.975,
China,Jiaxing,120.67,30.83,15.7,1200,S,51.7,6.9,18.2,RU,CF,90,18.3,
China,Jiaxing,120.67,30.83,15.7,1200,S,51.7,6.9,18.2,RU,CF,180,15.675,
China,Jiaxing,120.67,30.83,15.7,1200,S,51.7,6.9,18.2,RU,CF,270,14.475,
China,Jiaxing,120.67,30.83,15.7,1200,M,51.7,6.9,18.2,RU,CF,90,26.775,
China,Jiaxing,120.67,30.83,15.7,1200,M,51.7,6.9,18.2,RU,CF,180,23.775,
China,Jiaxing,120.67,30.83,15.7,1200,M,51.7,6.9,18.2,RU,CF,270,22.125,
China,Jiaxing,120.67,30.83,15.7,1200,M,51.7,6.9,18.2,RU,CF,90,14.7,
China,Jiaxing,120.67,30.83,15.7,1200,M,51.7,6.9,18.2,RU,CF,180,15.75,
China,Jiaxing,120.67,30.83,15.7,1200,M,51.7,6.9,18.2,RU,CF,270,14.4,
China,Jiaxing,120.67,30.83,15.7,1200,M,51.7,6.9,18.2,RU,CF,90,11.25,
China,Jiaxing,120.67,30.83,15.7,1200,M,51.7,6.9,18.2,RU,CF,180,8.85,
China,Jiaxing,120.67,30.83,15.7,1200,M,51.7,6.9,18.2,RU,CF,270,8.775,
China,Mianyang,105.47,31.27,17.3,826,S,36.4,8.3,8.6,RU,CF,260,236.5,14.1
China,Mianyang,105.47,31.27,17.3,826,S,36.4,8.3,8.6,RU,CF,150,214.4,13.6
China,Mianyang,105.47,31.27,17.3,826,S,36.4,8.3,8.6,RU,CF,260,346.5,28.9
China,Mianyang,105.47,31.27,17.3,826,S,36.4,8.3,8.6,RU,CF,150,282.7,29.5
China,Mianyang,105.47,31.27,17.3,826,S,36.4,8.3,8.6,RU,CF,260,237.1,14.3
China,Mianyang,105.47,31.27,17.3,826,S,36.4,8.3,8.6,RU,CF,150,214,13.7
China,Yangzhou,119.7,32.58,15.9,924,S,14,8,18.4,RU,IF,150,174.6,40.9
China,Yangzhou,119.7,32.58,15.9,924,S,14,8,18.4,RU,IF,250,162.2,28.6
China,Yangzhou,119.7,32.58,15.9,924,S,14,8,18.4,RU,IF,150,118.1,6
China,Yangzhou,119.7,32.58,15.9,924,S,14,8,18.4,RU,IF,250,72.2,24.3
China,Yangzhou,119.7,32.58,15.9,924,S,14,8,18.4,RU,IF,150,98.7,16.1
China,Yangzhou,119.7,32.58,15.9,924,S,14,8,18.4,RU,IF,250,74,8
China,Yangzhou,119.7,32.58,15.9,924,M,14,8,18.4,RU,IF,150,124.6,35
China,Yangzhou,119.7,32.58,15.9,924,M,14,8,18.4,RU,IF,250,75.5,23.6
China,Shanghai,121.47,31.13,15.3,1022,S,,5.24,11.22,RU,CF,200,525.75,41.25
China,Shanghai,121.47,31.13,15.3,1022,S,,5.24,11.22,RU,CF,200,867.75,89.25
China,Suzhou,120.68,31.53,15.5,1042,S,,6.4,19.72157773,RU,IF,240,131.52,
China,Suzhou,120.68,31.53,15.5,1042,S,,6.4,19.72157773,RU,IF,240,152.28,
China,Yangzhou,119.7,32.58,15,1150,S,22,6.8,16.8,RU,IF,200,62.6,22.8
China,Yangzhou,119.7,32.58,15,1150,S,22,6.8,16.8,RU,IF,200,24.5,5.8
China,Jingzhou,113.75,30.08,17.2,1446,S,,7.84,18.25,SR,IF,165,72.85,10.03
China,Jingzhou,113.75,30.08,17.2,1446,S,,7.84,18.25,SR,IF,165,82.06,15.21
China,Jingzhou,113.75,30.08,17.2,1446,S,,7.84,18.25,SR,IF,165,77.45,6.11
China,Huanggang,115.55,29.85,17.8,1361,S,,4.79,18.9,RU,CF,210,238.5,
China,Huanggang,115.55,29.85,17.8,1361,S,,4.79,18.9,RU,CF,210,228,
China,Huanggang,116.23,30.02,17.5,1437,S,,7,14.25,RU,CF,210,716.25,
China,Huanggang,116.23,30.02,17.5,1437,S,,7,14.25,RU,CF,210,689.25,
China,Huanggang,116.23,30.02,17.5,1437,S,,7,14.25,RU,IF,210,273.75,
China,Huanggang,116.23,30.02,17.5,1437,S,,7,14.25,RU,IF,210,284.25,
China,Huanggang,116.23,30.02,17.5,1437,S,,7,14.25,RU,IF,210,132,
China,Huanggang,116.23,30.02,17.5,1437,S,,7,14.25,RU,IF,210,110.25,
China,Huanggang,116.23,30.02,17.5,1437,S,,7,14.25,RU,CF,210,782.0175,52.0875
China,Huanggang,116.23,30.02,17.5,1437,S,,7,14.25,RU,IF,210,297.4725,5.0625
China,Huanggang,116.23,30.02,17.5,1437,S,,7,14.25,RU,IF,210,70.4775,4.935
China,Huanggang,116.23,30.02,17.5,1437,S,,7,14.25,RU,CF,210,372.1575,39.225
China,Huanggang,116.23,30.02,17.5,1437,S,,7,14.25,RU,IF,210,122.2725,2.8275
China,Huanggang,116.23,30.02,17.5,1437,S,,7,14.25,RU,IF,210,34.9725,5.1975
China,Chongqing,106.43,30.43,18.6,990.4,L,42,6.5,16.2,SR,CF,126,147,18
China,Chongqing,106.43,30.43,18.6,990.4,L,42,6.5,16.2,RU,CF,126,57.675,4.2
China,Chongqing,106.43,30.43,18.6,990.4,L,42,6.5,16.2,RU,CF,126,88.5,9.75
China,Chongqing,106.43,30.43,18.6,990.4,L,42,6.5,16.2,RU,CF,126,108,15
China,Chengdu,105.45,31.27,16.2,843,S,8.4,8.1,12.18097448,SR,CF,150,456.225,56.175
China,Chengdu,105.45,31.27,16.2,843,S,8.4,8.1,12.18097448,SR,CF,150,513.3,62.25
China,Suzhou,120.99,31.39,15.5,1097,S,,,,RU,IF,278.25,18.525,3
China,Suzhou,120.99,31.39,15.5,1097,S,,,,RU,CF,278.25,123,4.125
China,Suzhou,120.99,31.39,15.5,1097,S,,,,RU,IF,337.625,14.1,0.525
China,Suzhou,120.99,31.39,15.5,1097,S,,,,RU,CF,337.625,52.575,1.575
China,Shanghai,121.38,30.88,16.1,1200,S,,,13.7,RU,CF,224.5,69.225,14.1
China,Shanghai,121.38,30.88,16.1,1200,S,,,13.7,RU,IF,224.5,47.55,14.925
China,Shanghai,121.38,30.88,16.1,1200,S,,,13.7,RU,IF,224.5,33.675,2.4
China,Shanghai,121.38,30.88,16.1,1200,S,,,13.7,RU,CF,224.5,189.15,81.15
China,Shanghai,121.38,30.88,16.1,1200,S,,,13.7,RU,IF,224.5,88.35,13.35
China,Shanghai,121.38,30.88,16.1,1200,S,,,13.7,RU,IF,224.5,44.025,9.975
China,Shanghai,121.38,30.88,16.1,1200,S,,,13.7,RU,CF,224.5,35.85,11.025
China,Shanghai,121.38,30.88,16.1,1200,S,,,13.7,RU,IF,224.5,22.95,4.5
China,Shanghai,121.38,30.88,16.1,1200,S,,,13.7,RU,IF,224.5,24.45,3.675
China,Shanghai,121.38,30.88,16.1,1200,S,,,13.7,RU,CF,224.5,72.375,23.55
China,Shanghai,121.38,30.88,16.1,1200,S,,,13.7,RU,IF,224.5,35.925,12.525
China,Shanghai,121.38,30.88,16.1,1200,S,,,13.7,RU,IF,224.5,22.275,4.65
China,Shanghai,121.38,30.88,16.1,1200,S,,7.6,13.7,RU,CF,224.5,13.725,1.725
China,Shanghai,121.38,30.88,16.1,1200,S,,7.6,13.7,RU,IF,224.5,16.125,6
China,Shanghai,121.38,30.88,16.1,1200,S,,7.6,13.7,RU,IF,224.5,12.975,2.325
China,Shanghai,121.38,30.88,16.1,1200,S,,7.6,13.7,RU,CF,224.5,18.9,4.05
China,Shanghai,121.38,30.88,16.1,1200,S,,7.6,13.7,RU,IF,224.5,18.75,2.1
China,Shanghai,121.38,30.88,16.1,1200,S,,7.6,13.7,RU,IF,224.5,18.375,6.225
China,Shanghai,121.38,30.88,16.1,1200,S,,7.6,13.7,RU,CF,224.5,37.425,7.725
China,Shanghai,121.38,30.88,16.1,1200,S,,7.6,13.7,RU,IF,224.5,31.125,8.625
China,Shanghai,121.38,30.88,16.1,1200,S,,7.6,13.7,RU,IF,224.5,104.175,62.7
China,Shanghai,121.38,30.88,16.1,1200,S,,7.6,13.7,RU,CF,224.5,32.7,2.1
China,Shanghai,121.38,30.88,16.1,1200,S,,7.6,13.7,RU,IF,224.5,31.05,7.5
China,Shanghai,121.38,30.88,16.1,1200,S,,7.6,13.7,RU,IF,224.5,47.1,12.45
China,Nanjing,120.4,32.58,14.5,1025,S,,6.53,14.67517401,SR,IF,270,97.3575,5.6025
China,Nanjing,120.4,32.58,14.5,1025,S,,6.53,14.67517401,SR,IF,270,108.57,8.385
China,Shanghai,121.62,31.61,16.1,1200,S,,,15.65,RU,CF,150,4.125,
China,Shanghai,121.62,31.61,16.1,1200,S,,,15.65,RU,CF,210,4.05,
China,Shanghai,121.62,31.61,16.1,1200,S,,,15.65,RU,CF,300,4.35,
China,Nanjing,118.59,33.25,15.7,1072.9,S,,7.47,13.02204176,RU,IF,300,89.64,13.155
China,Nanjing,118.59,33.25,15.7,1072.9,S,,7.47,13.02204176,RU,IF,300,53.6475,10.8225
China,Chongqing,106.19,20.06,18.4,1016.6,S,,4.9,15.6,RU,CF,225,27.54,
China,Chongqing,106.19,20.06,18.4,1016.6,S,,4.9,15.6,RU,IF,150,32.87,
China,Chongqing,106.19,20.06,18.4,1016.6,S,,4.9,15.6,SR,CF,225,70.62,
China,Chongqing,106.19,20.06,18.4,1016.6,S,,4.9,15.6,SR,IF,150,92.24,
China,Chongqing,106.19,20.06,18.4,1016.6,S,,4.9,15.6,RU,CF,225,24.08,
China,Chongqing,106.19,20.06,18.4,1016.6,S,,4.9,15.6,RU,IF,150,25.47,
China,Chongqing,106.19,20.06,18.4,1016.6,S,,4.9,15.6,SR,CF,225,192.93,
China,Chongqing,106.19,20.06,18.4,1016.6,S,,4.9,15.6,SR,IF,150,197.33,
China,Wuxi,119.68,31.4,15.7,1177,S,39,6.5,23.5,RU,IF,300,69.3,7.7
China,Wuxi,119.68,31.4,15.7,1177,S,39,6.5,23.5,RU,IF,300,28.3,2.6
China,Wuxi,119.68,31.4,15.7,1177,S,39,6.5,23.5,RU,IF,300,44.1,2.8
China,Wuxi,119.68,31.4,15.7,1177,S,39,6.5,23.5,RU,IF,300,69.3,7.7
China,Chengdu,105.45,31.27,17.3,826,S,12.4,8.4,9.7,RU,IF,150,135.09,11.7
China,Chengdu,105.45,31.27,17.3,826,S,12.4,8.4,9.7,RU,IF,150,167.2125,36.72
China,Chengdu,105.45,31.27,17.3,826,M,12.4,8.4,9.7,RU,IF,150,99.93,14.9475
China,Chengdu,105.45,31.27,17.3,826,M,12.4,8.4,9.7,RU,IF,250,136.3725,49.6275
China,Chengdu,105.45,31.27,17.3,826,M,12.4,8.4,9.7,RU,IF,150,79.5675,7.2075
China,Chengdu,105.45,31.27,17.3,826,M,12.4,8.4,9.7,RU,IF,250,63.6675,9.5475
China,Chengdu,105.45,31.27,17.3,826,M,12.4,8.4,9.7,RU,IF,150,140.6175,4.485
China,Chengdu,105.45,31.27,17.3,826,M,12.4,8.4,9.7,RU,IF,250,189.81,11.73
China,Chengdu,104.57,30.08,18.2,825,S,,8.2,30,SR,IF,150,43.35,7.8
China,Chengdu,104.57,30.08,18.2,825,S,,8.2,30,SR,IF,150,262.575,21.975
China,Chengdu,104.57,30.08,18.2,825,S,,8.2,30,SR,IF,150,13.8,1.35
China,Chengdu,104.57,30.08,18.2,825,S,,8.2,30,SR,IF,150,228.375,37.125
China,Chengdu,104.57,30.08,18.2,825,S,,8.2,34,SR,CF,150,248.025,19.575
China,Chengdu,104.57,30.08,18.2,825,S,,8.2,34,SR,CF,150,417.525,27.525
China,Chengdu,104.57,30.08,18.2,825,M,,8.2,34,SR,CF,150,207.75,6.375
China,Chengdu,104.57,30.08,18.2,825,M,,8.2,34,SR,CF,150,147,8.775
China,Zhenjiang,119.3,31.97,15.1,1018.6,S,14,6.91,11,RU,IF,240,119.7,8.7
China,Zhenjiang,119.3,31.97,15.1,1018.6,S,14,6.91,11,RU,IF,240,41.025,5.775
China,Zhenjiang,119.3,31.97,15.1,1018.6,S,14,6.91,11,RU,IF,240,19.425,3
China,Zhenjiang,119.3,31.97,15.1,1018.6,M,14,6.91,11,RU,IF,240,17.25,2.775
China,Suzhou,120.95,31.25,15.5,1097.1,S,,7.4,12.69141531,RU,IF,250,10.13955,
China,Suzhou,120.95,31.25,15.5,1097.1,S,,7.4,12.69141531,RU,CF,250,54.044625,
China,Suzhou,120.95,31.25,15.5,1097.1,S,,7.4,12.69141531,RU,IF,300,8.759625,
China,Suzhou,120.95,31.25,15.5,1097.1,S,,7.4,12.69141531,RU,CF,300,49.675125,
China,Changde,111.5,28.92,16.51,1513,L,,,,DR,CF,182,41.4,4.05
China,Changde,111.5,28.92,16.51,1513,L,,,,DR,CF,182,98.55,4.275
China,Changde,111.5,28.92,16.51,1513,L,,,,DR,IF,182,186.975,10.725
China,Changde,111.5,28.92,16.51,1513,L,,,,DR,CF,182,42.375,10.125
China,Changde,111.5,28.92,16.51,1513,L,,,,DR,CF,182,181.575,7.35
China,Changde,111.5,28.92,16.51,1513,L,,,,DR,IF,182,378.975,14.1
China,Lianyungang,119.75,34.95,13.7,930.2,S,,8.58,11.77,RU,CF,300,162,31.8
China,Lianyungang,119.75,34.95,13.7,930.2,S,,8.58,11.77,RU,CF,300,165.9,9.8
China,Beijing,116.29,40.03,11.8,577,S,12,6.7,24,SR,IF,225,2.3625,
China,Zhenjiang,119.3,31.97,15.1,1019,S,14.2,6.9,11.5,RU,IF,240,17.28,17.28
China,Zhenjiang,119.3,31.97,15.1,1019,S,14.2,6.9,11.5,RU,CF,240,8.8275,8.8275
China,Zhenjiang,119.3,31.97,15.1,1019,S,14.2,6.9,11.5,RU,IF,240,18.36,18.36
China,Zhenjiang,119.3,31.97,15.1,1019,S,14.2,6.9,11.5,RU,CF,240,5.3925,5.3925
China,Zhenjiang,119.3,31.97,15,1020,S,,6.9,11.2,SR,CF,300,226.5,34.5
China,Zhenjiang,119.3,31.97,15,1020,S,,6.9,11.2,SR,CF,300,474.75,64.5
China,Yingtan,116.92,28.25,19.3,1857,S,18.2,4.74,16.9,DR,IF,180,40.8,6.825
China,Yingtan,116.92,28.25,19.3,1857,S,18.2,4.74,16.9,DR,IF,180,45.75,8.1
China,Yingtan,116.92,28.25,19.3,1857,S,18.2,4.74,16.9,DR,IF,180,49.05,12.675
China,Yingtan,116.92,28.25,19.3,1857,S,18.2,4.74,16.9,DR,IF,180,49.5,12.375
China,Yingtan,116.92,28.25,19.3,1857,S,18.2,4.74,16.9,DR,IF,180,44.775,7.95
China,Yingtan,116.92,28.25,19.3,1857,S,18.2,4.74,16.9,DR,IF,180,41.925,1.05
China,Yingtan,116.92,28.25,19.3,1857,S,18.2,4.74,16.9,DR,IF,180,26.475,2.925
China,Yingtan,116.92,28.25,19.3,1857,S,18.2,4.74,16.9,DR,IF,180,34.65,6.075
China,Yingtan,116.92,28.25,19.3,1857,S,18.2,4.74,16.9,DR,IF,180,37.425,12.075
China,Yingtan,116.92,28.25,19.3,1857,S,18.2,4.74,16.9,DR,IF,180,38.175,1.725
China,Yingtan,116.92,28.25,19.3,1857,S,18.2,4.74,16.9,DR,IF,180,36.9,8.1
China,Yingtan,116.92,28.25,19.3,1857,S,18.2,4.74,16.9,DR,IF,180,38.325,1.425
China,Jingzhou,112.15,30.35,17.8,1184,S,28.3,7.7,13.58,DR,CF,165,143.025,
China,Jingzhou,112.15,30.35,17.8,1184,S,28.3,7.7,13.58,DR,IF,165,105.825,
China,Jingzhou,112.15,30.35,17.8,1184,S,28.3,7.7,13.58,DR,CF,180,178.8,
China,Jingzhou,112.15,30.35,17.8,1184,S,28.3,7.7,13.58,DR,IF,180,122.85,
China,Fuzhou,119.05,26.02,20,1359,S,12,6.5,18.1,DR,IF,95,118.7867647,24.24264706
China,Fuzhou,119.05,26.02,20,1359,S,12,6.5,18.1,DR,IF,285,58.41176471,4.830882353
China,Fuzhou,119.05,26.02,20,1359,S,12,6.5,18.1,DR,IF,285,71.75735294,7.720588235
China,Fuzhou,119.05,26.02,20,1359,S,12,6.5,18.1,DR,IF,285,22.72058824,2.404411765
China,Harbin,126.8,45.82,4.5,550,S,,,18.27146172,SR,CF,75,356.25,18.75
China,Harbin,126.8,45.82,4.5,550,S,,,18.27146172,SR,CF,150,130.5,23.25
China,Harbin,126.8,45.82,4.5,550,S,,,18.27146172,SR,CF,225,143.25,18.75
China,Harbin,126.8,45.82,4.5,550,S,,,18.27146172,SR,IF,75,286.5,4.5
China,Harbin,126.8,45.82,4.5,550,S,,,18.27146172,SR,IF,150,128.25,4.5
China,Harbin,126.8,45.82,4.5,550,S,,,18.27146172,SR,IF,225,139.5,8.25
China,Harbin,126.8,45.82,4.5,550,S,,,18.27146172,SR,CF,75,390,29.25
China,Harbin,126.8,45.82,4.5,550,S,,,18.27146172,SR,CF,150,240,19.5
China,Harbin,126.8,45.82,4.5,550,S,,,18.27146172,SR,CF,225,228,18.75
China,Harbin,126.8,45.82,4.5,550,S,,,18.27146172,SR,IF,75,379.5,18.75
China,Harbin,126.8,45.82,4.5,550,S,,,18.27146172,SR,IF,150,195.75,15
China,Harbin,126.8,45.82,4.5,550,S,,,18.27146172,SR,IF,225,229.5,6.75
China,Shenyang,123.35,42.08,8.3,716,S,,6.2,15.48723898,SR,IF,271,46.62132353,3.705882353
China,Shenyang,123.35,42.08,8.3,716,S,,6.2,15.48723898,SR,IF,229.5,41.11102941,5.285294118
China,Shenyang,123.35,42.08,8.3,716,S,,6.2,15.48723898,SR,IF,189,43.80661765,4.208823529
China,Shenyang,123.35,42.08,8.3,716,S,,6.2,15.48723898,SR,IF,148.5,46.91029412,8.044852941
China,Shenyang,123.35,42.08,8.3,716,S,,6.2,15.48723898,SR,IF,108,42.82941176,4.241911765
China,Shenyang,123.35,42.08,8.3,716,S,,6.2,15.48723898,SR,IF,271,87.63970588,7.508823529
China,Shenyang,123.35,42.08,8.3,716,S,,6.2,15.48723898,SR,IF,229.5,82.57058824,0.966176471
China,Shenyang,123.35,42.08,8.3,716,S,,6.2,15.48723898,SR,IF,189,77.22794118,8.296323529
China,Shenyang,123.35,42.08,8.3,716,S,,6.2,15.48723898,SR,IF,148.5,80.34044118,3.549264706
China,Shenyang,123.35,42.08,8.3,716,S,,6.2,15.48723898,SR,IF,108,76.52867647,4.025735294
China,Harbin,127.71,45,4.5,529,S,,9.72,4.29,SR,CF,150,26.325,0.375
China,Harbin,127.71,45,4.5,529,S,,9.72,4.29,SR,IF,150,22.575,0.825
China,Hailun,126.63,47.43,2,549,S,,7.02,27.95823666,SR,CF,95.4,3.6,
China,Harbin,126.8,45.82,4.5,545,S,,,18.27,SR,CF,75,354.75,18
China,Harbin,126.8,45.82,4.5,545,S,,,18.27,SR,CF,150,131.25,23.25
China,Harbin,126.8,45.82,4.5,545,S,,,18.27,SR,CF,225,144,20.25
China,Harbin,126.8,45.82,4.5,545,S,,,18.27,SR,IF,75,288,5.25
China,Harbin,126.8,45.82,4.5,545,S,,,18.27,SR,IF,150,128.25,5.25
China,Harbin,126.8,45.82,4.5,545,S,,,18.27,SR,IF,225,138.75,7.5
China,Harbin,126.8,45.82,4.5,545,S,,,18.27,SR,CF,75,390.75,28.5
China,Harbin,126.8,45.82,4.5,545,S,,,18.27,SR,CF,150,241.5,18
China,Harbin,126.8,45.82,4.5,545,S,,,18.27,SR,CF,225,226.5,20.25
China,Harbin,126.8,45.82,4.5,545,S,,,18.27,SR,IF,75,380.25,18
China,Harbin,126.8,45.82,4.5,545,S,,,18.27,SR,IF,150,195.75,15
China,Harbin,126.8,45.82,4.5,545,S,,,18.27,SR,IF,225,231.75,4.5
China,Tieling,123.8,42.23,6.3,643,S,,6.4,10.73,SR,CF,210,430.2675,41.415
China,Suihua,127.67,46.95,3,550,S,,6.4,24.24,SR,IF,85,142.3425,
China,Suihua,127.67,46.95,3,550,S,,6.4,24.24,SR,IF,105,131.1225,
China,Suihua,127.67,46.95,3,550,S,,6.4,24.24,SR,IF,135,135.63,
China,Suihua,127.67,46.95,3,550,S,,6.4,24.24,SR,CF,85,176.655,
China,Suihua,127.67,46.95,3,550,S,,6.4,24.24,SR,CF,105,247.11,
China,Suihua,127.67,46.95,3,550,S,,6.4,24.24,SR,CF,135,218.67,
China,Changsha,113.82,28.32,17.4,1538,M,,5.61,9.6396,DR,CF,150,92.25,14.25
China,Changsha,113.82,28.32,17.4,1538,M,,5.61,9.6396,DR,CF,180,69,15
China,Suihua,127.52,46.88,2.5,550,S,,6.4,24.012,SR,IF,135,176.595,8.925
China,Suihua,127.52,46.88,2.5,550,S,,6.4,24.012,SR,IF,105,206.7375,4.4625
China,Suihua,127.52,46.88,2.5,550,S,,6.4,24.012,SR,IF,75,185.7825,7.185
China,Suihua,127.52,46.88,2.5,550,S,,6.4,24.012,SR,IF,135,182.2125,11.175
China,Suihua,127.52,46.88,2.5,550,S,,6.4,24.012,SR,IF,105,162.3525,6.375
China,Suihua,127.52,46.88,2.5,550,S,,6.4,24.012,SR,IF,75,178.59,11.1
China,Suihua,127.52,46.88,2.5,550,S,,6.4,24.012,SR,CF,135,281.2875,22.35
China,Suihua,127.52,46.88,2.5,550,S,,6.4,24.012,SR,CF,105,314.4525,20.925
China,Suihua,127.52,46.88,2.5,550,S,,6.4,24.012,SR,CF,75,222.555,4.425
Uzbekistan,,60.42,41.63,13,97,S,52.4,6.5,5.8,SR,CF,270,39.7,16.05
Uzbekistan,,60.42,41.63,13,97,S,52.4,6.5,5.8,SR,CF,200,13.1,7.35
Brazil,,-51.1,-29.95,20,1394,S,17,5.3,7.54,SR,CF,60,305.325,
Brazil,,-51.1,-29.95,20,1394,S,17,5.3,7.54,SR,CF,60,212.025,
Brazil,,-51.1,-29.95,20,1394,S,17,5.3,7.54,SR,CF,60,211.5,
Brazil,,-51.1,-29.95,20,1394,S,17,5.3,7.54,SR,CF,105,428.925,
Brazil,,-51.1,-29.95,20,1394,S,17,5.3,7.54,SR,CF,150,316.35,